Updated On,State,Total Doses Administered,Sessions,Sites,First Dose Administered,Second Dose Administered,Male (Doses Administered),Female (Doses Administered),Transgender (Doses Administered),Covaxin (Doses Administered),CoviShield (Doses Administered),Sputnik V (Doses Administered),AEFI,18-44 Years (Doses Administered),45-60 Years (Doses Administered),60+ Years (Doses Administered),18-44 Years(Individuals Vaccinated),45-60 Years(Individuals Vaccinated),60+ Years(Individuals Vaccinated),Male(Individuals Vaccinated),Female(Individuals Vaccinated),Transgender(Individuals Vaccinated),Total Individuals Vaccinated
2021-02-01,Bihar,17263747.91,218417,27926,2133062,6069323,19007414,13126748,2057,5953998,30747156,127441,1584,12904483,2403625,11494296,14389558,8412006,7247291,4996757,10830253,413,29602674.87
,,33912970.9,130552,,13226010,10761420,7102061,2169149,4522,2118542,1612262,85563,14181,15341670,14574586,8621087,13405753,387491,7369787,784188,15004229,161,13578206.54
2021-05-04,Andhra Pradesh,42236894.49,16005,17455,31709488,9698377,18146791,2911333,3152,6902538,37488061,33185,7933,1631985,3027952,5664745,9277597,8890280,3495575,10462267,925229,2255,8048305.15
2021-05-20,Telangana,3487910.66,198007,28908,2725247,3618830,15904410,4077011,3768,7124672,16152946,155307,1456,10972215,669982,10515101,4001587,1539667,1710359,17819669,15764675,700,13113835.88
2021-07-04,Telangana,1843022.64,256651,8402,27888902,2413734,19263889,15570840,564,1897001,4762533,176338,9640,3200636,11735190,7056998,1828157,271250,8089249,377210,15844713,177,31931102.17
2021-04-26,Assam,6221945.91,204678,14514,28574976,4777614,6484208,4328129,614,2049202,26570853,122537,24487,11752328,9355599,8611147,7828925,5856724,4735776,710120,2049522,1633,33948919.6
2021-03-16,Maharashtra,38792305.71,162834,5056,31530649,5430391,23310667,13799219,4629,7207804,13331777,25065,26421,2997386,11882551,11341661,17406717,6304920,3592953,2199031,9975048,3351,38424752.06
2021-04-22,Tamil Nadu,11467432.43,247001,9001,25876620,916643,1012591,7082150,1183,5734981,7830584,108014,24509,19801286,8479476,584036,10142247,4381878,4437955,19431828,14588561,3898,39428868.55
2021-07-25,Maharashtra,5987421.76,293463,29355,29179713,11974649,3927654,23268701,2051,4187486,27093298,157894,15524,18860436,5519480,7960952,17565102,8799100,9024536,19997821,16028277,856,26590370.49
2021-07-14,Assam,43148247.18,26589,7002,30709162,1525715,12707608,15145340,3887,598100,26749462,958,19550,435336,13517453,1335256,16743955,5573826,9960239,8061217,1373467,3291,13492640.91
2021-05-14,Odisha,15937319.49,220613,18712,20517017,598228,4030930,3737765,4224,1459666,15773093,120964,11160,19030619,5060948,5162043,7512586,9515282,7860790,11642386,7457129,3615,34791310.16
2021-06-29,Gujarat,10114659.79,57789,29971,35984945,11774057,22751875,16094069,3729,3778213,26559653,66601,12918,11922999,9787530,3021809,10419518,5131329,5181051,6724002,3790459,2602,1292936.99
2021-04-14,Rajasthan,4698880.55,115402,4582,1972454,5417461,8967297,12669096,713,5150311,9295776,30697,13122,830990,2627623,2195220,1682702,11068523,6936485,14829423,8261219,462,37519114.36
2021-06-25,Punjab,9971702.31,211169,3567,10769339,6043792,13317365,5512512,4766,6618079,36884050,172763,21708,12095166,9471289,8717515,11547103,3553902,8286179,8136357,2204293,3950,15047160.76
,,49841093.72,296290,,28092120,6625657,10869018,8957280,109,6537539,38948075,172492,18505,9272279,9373564,9776557,8581552,6343631,2926109,11476824,1739982,3403,21796623.96
2021-02-27,Gujarat,15714656.76,289202,259,39118560,10908693,7029783,13753411,760,1393276,37385708,1587,8564,353260,5439746,8285079,9429626,10383448,3390473,17727995,6872638,2360,4520686.97
2021-03-22,Odisha,14947135.54,204281,26386,1393472,5166751,24621805,22454624,3109,487436,21055081,19239,27678,14617543,7890278,10335029,12774939,7525353,2277412,196754,12878197,3870,38943425.8
2021-08-10,Maharashtra,29279855.36,73133,20054,34863340,2003525,4622718,16200026,4563,2963486,1884526,11479,19019,9245269,4952805,10373673,3756571,5883280,4032082,2932941,15533238,1169,14925116.49
2021-07-08,Bihar,41744573.33,274661,11091,34607388,11250644,11348620,2270836,1145,7904042,29006685,179069,19042,15830545,5081224,7157031,8982072,11985581,8404156,2040687,13217951,159,8332844.87
2021-02-27,Andhra Pradesh,4998307.04,269492,9771,20467475,3706648,5987580,8311958,4619,5964928,28204714,104526,22980,14729186,4597706,11104747,17318898,3025639,5861268,10244971,14219730,142,3030274.6
2021-07-18,Andhra Pradesh,2786678.72,275482,1912,32569852,6353986,10495284,16486521,771,7458198,19239270,168073,20987,13376159,724225,957955,4489913,9035499,7218333,19786956,17424565,393,13606073.39
2021-05-18,Assam,27660140.94,122720,29273,30867217,7696605,14121081,12126191,4525,3265478,21712969,37519,4433,14688243,12122098,909102,4984364,1001556,4999890,17370700,16258633,1636,35327703.9
2021-03-03,Odisha,5578539.56,205297,8923,29397891,122975,14915748,18977218,4374,1101875,38616294,127248,27179,8769039,10801058,3472377,12134849,12481897,5684666,14933755,12775434,1344,30524130.98
2021-07-20,Tamil Nadu,17503716.89,61953,15954,32456222,6116109,2398245,4281828,4743,1978632,13609833,30336,24125,7139260,6262437,336924,4210460,7129589,1532099,14926407,1243022,1927,31295892.94
2021-05-01,Assam,22448519.52,184885,16661,26772918,11768663,14433786,19616596,1210,1643562,321804,52885,23578,665268,1599597,5567478,2963146,2542091,5643783,19548427,14061793,1789,31333039.34
2021-06-06,Bihar,24272738.61,33791,14340,31113608,6323160,14821445,17910188,2935,7424671,2998990,59370,12943,8485140,9051444,8515463,9030159,9273751,9747333,5795131,15158736,1643,27328324.86
2021-04-30,Gujarat,38415977.66,242534,7604,37594632,4918481,21210379,9203900,3483,2215835,23479126,87187,10824,19497509,12621594,1123982,12446794,6283269,4420542,15544937,7563060,174,25526524.26
2021-04-29,Rajasthan,10795159.41,59094,17377,8539731,4109610,3439379,6495696,739,4340060,37337448,189475,6473,13235077,4911745,7239768,9014045,12297036,8768886,11280328,7102368,1392,1767665.87
2021-05-13,Uttar Pradesh,44368243.54,93366,9245,13359247,774518,2575422,9025615,4142,4889011,30717267,171309,27526,14478472,13232309,7882616,14905950,12776125,2243080,8502563,5947883,3548,35506687.75
2021-07-13,Kerala,22350640.64,15219,29438,7868324,6061286,15324970,15739979,594,5068802,2809685,125341,22391,1076985,6398659,1997657,10382713,6508825,912257,6161338,4675535,3648,22292411.15
2021-03-24,Tamil Nadu,16418551.24,262176,5085,27301220,7401311,13172826,12656597,1958,1332220,37364032,71226,11170,12238215,4970005,1340311,5837217,6998880,4818625,18144823,5933272,3103,22452409.96
2021-04-09,Kerala,37247468.79,61453,8382,35209307,8476985,1724414,4952906,739,1421638,31838996,69181,4793,17797975,8709217,1322153,7456873,8946709,3384545,8287802,17741262,3977,4728586.57
2021-05-20,Kerala,24348626.02,158550,29230,38015358,5329279,5084169,9232471,2674,2979956,28007140,36442,21434,14362433,12551545,4869454,10571624,6880435,8156206,2971958,15731424,929,36950383.08
2021-07-03,India,12031904.51,259338,272,12205104,10056049,21301469,15766020,4438,7251831,12654506,30121,27014,15453292,11917568,7260029,13236773,6145582,3202688,4033734,16058413,3522,39867832.63
2021-07-17,Tamil Nadu,6118340.85,176427,13468,27181124,11278663,341470,17187663,3451,2796169,1334435,134320,23722,17988618,8747051,11104886,9103284,10754673,6887706,10677797,7458091,2997,16805706.4
2021-03-24,Rajasthan,26659449.89,97965,20794,8189202,10228032,18996231,6895213,3189,6868291,13128672,181099,11808,7870339,6591973,9327833,13213394,2896789,5160046,16120680,14487901,2692,9562211.59
2021-06-26,Bihar,20333526.88,57897,17240,30426647,6822219,23734855,14067788,1725,5175615,11303237,172709,12197,12245535,7122951,242689,4780548,4817824,1639831,1738673,12503320,3671,36231834.06
2021-06-07,Karnataka,13904427.18,265520,18245,23290464,381640,17635112,22207043,1405,2143865,9109693,51886,29469,13287826,6787655,986147,13519320,2726925,8772013,1955776,12892699,3730,5739360.78
2021-06-06,Rajasthan,12006204.95,160383,20551,25334791,9008405,11931207,9195490,607,7825194,17431184,126067,23412,47154,663073,2718756,16856108,1294881,3124879,12100133,3359149,3463,33362320.98
2021-02-09,Karnataka,20486128.69,162820,25082,771088,2652161,15207164,18526987,1115,7115817,22535118,69513,14600,6272597,8940548,11214535,5047300,9635941,4116900,2202690,15636186,129,17941726.49
2021-05-03,Maharashtra,41003097.0,40673,2191,3143900,10907051,6196448,21415586,618,6667274,3707776,97350,14664,5221367,13563570,3390832,8226816,12479675,3336351,7790530,10606955,2917,22068180.7
2021-07-18,Delhi,37127455.27,84625,22888,39160140,10068215,10792026,23980370,2953,2503207,28649202,193057,25083,1782077,1549636,5043978,15916261,7881565,561138,14980985,1989461,2845,884648.54
2021-06-15,West Bengal,31357268.34,46703,22244,26364504,2602479,25488664,18755477,2691,4902700,8818617,156525,14677,5573006,2234985,310299,12652196,1161851,8247396,8966129,1788099,2462,1395431.08
2021-05-09,Odisha,7774831.75,199328,1964,38140375,4789609,13735360,15542393,3845,2576942,30965519,64489,1323,8587100,7708284,692271,9866986,229117,9468633,658296,4671919,3056,24164044.17
2021-02-17,Maharashtra,47248611.93,144318,10654,28403056,6681452,24662617,13007063,4218,6476151,37404712,50125,27995,6299234,12723338,5995290,1330824,4346273,9940032,2093709,12514068,499,13949451.55
2021-07-16,Rajasthan,3911656.57,251600,14695,13972236,10999248,190099,23911136,1731,88081,40830927,178083,9573,13267550,3165529,3507237,3686954,11243626,7380477,3138404,7302688,616,20885559.31
2021-06-11,Karnataka,17007698.09,116884,23676,17797108,10154006,11215589,5009116,4553,4642155,1761567,196593,25941,8292979,13269710,3951223,6591348,11222620,6528607,8298433,7141994,1047,17828171.11
2021-05-30,Gujarat,43682107.31,44007,16481,915829,10850674,21164912,15343915,3682,535701,847941,97167,29750,15679746,510150,7713120,9639608,4267577,687231,7444023,3190165,675,27306228.38
2021-06-09,Bihar,7406753.18,117872,26089,32977118,10158927,2277595,17155509,2340,6071384,9300326,193763,14513,117111,880270,3988908,9567258,2527530,2356996,1328223,1972035,2173,19762288.36
2021-07-27,Punjab,32001726.2,159969,22304,2759611,897657,6563042,9580450,4789,3997749,5802249,48559,23506,5380081,654129,5769989,11302037,4814336,7981192,1719940,2266720,3337,14679289.56
2021-05-13,Assam,6814987.93,75178,20500,25504034,10752831,16615317,16855279,3767,814609,33285475,175747,5241,15863814,9651634,3294454,9690866,2036909,6880419,13117124,4971059,1500,10556425.37
2021-06-26,Maharashtra,46101825.43,166904,24213,30570749,1889281,15542641,13409106,4585,4320830,15597322,159096,19834,19924406,6212672,3266233,11201077,2348672,2773661,9551610,8706753,545,3348370.52
2021-02-08,Bihar,23897228.23,146698,23540,12056093,10106200,3540330,18125077,1724,5764562,19312174,74676,2175,18184872,9363142,9583619,8826487,11407680,24048,16672009,6722894,3618,31629472.31
2021-05-18,Kerala,6247877.41,107819,6776,711682,9289805,19032446,17473312,4580,6040796,26498844,162608,5960,13300595,9834901,3172538,5650110,1906716,556085,19624839,9616979,1601,23031582.75
2021-02-26,Odisha,36888183.32,125079,11020,12423464,9592757,16850802,22072091,2507,1299373,9312943,112630,21369,3749243,2246140,4388782,15508460,5951328,428087,15261018,9697267,2070,36919314.02
2021-06-01,Punjab,2676343.44,45814,23839,10258292,11261813,13951614,16051281,3409,1563090,27170833,45632,2018,3801070,7301816,4986546,11843537,12587846,3354174,17837614,8557379,118,663576.22
2021-04-22,Gujarat,49341453.43,259425,8819,24247649,4535476,4265886,6269532,2736,2957258,20621084,113569,4605,13512598,7561589,3899063,14437222,2234361,7318055,18319710,1034224,2566,20952066.14
2021-05-17,Telangana,27789729.63,58818,3442,27711207,525884,23583551,16060231,2809,7811023,38949191,152417,12293,900403,8942733,7351868,17505303,6432394,4689164,10429733,11128970,3614,8544365.0
2021-02-09,Gujarat,6309633.95,52394,4368,27550303,4904480,5723235,13811520,916,6083969,14344775,119761,25430,5998383,100088,7191898,14550743,5786626,1829850,6341728,2999017,3167,27469997.2
2021-07-17,Telangana,35582049.96,189308,11286,23524466,5842916,22303527,21849977,482,6432812,8203154,148947,12367,6862242,4836694,3161541,807523,1595138,6086591,5337584,10302775,1352,33637738.95
2021-03-13,Karnataka,9647408.39,123370,28084,30698387,7237469,24502322,23561718,3232,6151431,38058290,151536,1872,9931476,8304504,7550147,7918432,6104178,2381992,3302213,8118231,575,10410551.86
2021-03-03,Delhi,15974011.96,233964,14335,22195962,3260158,15290420,17932360,1078,6766359,8116726,53982,14996,7314738,13451082,8092057,4903509,3822357,1565041,8565189,9218291,1140,23687783.98
,,9501858.36,61827,,22592423,4771743,9989203,6501579,1013,3504793,31820190,150485,26360,3159236,10774086,2065708,8528087,6643534,4387808,16154686,467300,2806,11027796.48
2021-03-24,Punjab,49578016.3,205330,12676,29872980,398890,5123853,3112305,4817,2081300,34464930,21587,4075,2297606,9662055,8249974,8963191,9740325,9632446,1284019,3996722,3299,26820615.37
2021-05-27,Odisha,2331518.07,29695,16626,8699623,9232150,19326335,9694391,2600,4730682,41827249,46558,519,17265252,6428025,5338534,11841516,5589559,7371264,19776054,9075508,2395,25875833.02
2021-03-01,Telangana,25811902.67,174880,1941,19262375,4533834,19781910,13038315,390,6110420,18907345,127320,24098,6123807,1246305,739562,13442273,6483299,4707114,5845608,5853902,2207,33259765.67
2021-03-12,Tamil Nadu,27599558.72,101888,8863,39252541,11281319,24175784,2920747,2472,938035,41024708,58007,5976,10956163,4632191,1106651,6248304,32941,9888689,9724110,10751984,2552,1353451.6
2021-04-24,Andhra Pradesh,26502195.24,36998,2630,7834734,6850689,20325342,91476,2210,5260093,347153,103083,7538,12135672,12710961,2050683,17381813,9729424,9084161,12607552,13232586,3272,6765641.18
2021-05-27,Delhi,3304329.9,108476,2487,26360181,6641447,20003664,18427908,1005,3483035,18917008,135286,28729,5377156,2020333,11891661,4415214,9075726,3620728,7429063,14314517,1569,26006322.13
2021-06-21,Kerala,38740620.51,54837,24326,18624477,7096512,18060686,16674109,4324,3115815,12887054,44342,26418,16536,12935562,1492646,781726,3863956,6416265,6234158,10299747,3503,15229811.18
2021-01-29,India,43432252.83,191629,16079,17672150,9467030,10700021,20068013,1131,7853969,32457963,156885,19882,19305945,6487391,1363790,16129995,3139078,2843507,2021337,16736467,3633,20780918.9
,,20952880.88,49167,,2984753,4537650,18084745,13574044,4555,3075655,16670291,166230,17596,15402509,13166432,4935761,8364823,3455010,1488006,7366524,10383548,2171,1827689.66
2021-02-27,Bihar,17820278.57,114467,21185,14448894,6322687,16773640,10780460,3303,5313310,22651915,178452,26287,7610761,1598284,3135862,1447850,1022410,8518556,17324234,2406263,803,7081925.79
2021-07-31,Andhra Pradesh,21736041.82,153239,26657,7561058,8370641,22810022,10371855,4780,541565,5853590,186633,5744,14861519,11209391,7708016,5327323,10992562,3206128,5402512,13497140,2438,18937913.41
2021-04-28,Telangana,29658260.44,244680,13351,37065835,5276887,12247263,6985171,4396,2912353,24236465,139536,18163,7653708,9465284,1940943,7571385,10520670,9382924,17366270,13940447,675,17386285.72
2021-02-28,Gujarat,7792523.96,142855,18111,38108240,4884055,7624810,3291246,2900,785304,31632774,38260,29361,1676304,9649274,2986534,2069417,8287778,2236525,1925056,768959,1093,14172040.74
2021-07-20,Punjab,11322552.03,34739,13748,7360585,1398766,19711102,10814438,4795,6194142,683048,97098,28814,16426593,989647,11580053,11630112,12947794,1135596,17998127,8402561,1070,10711795.92
2021-04-17,Rajasthan,31139379.95,14356,8873,35504638,4040613,1260595,8236743,3468,3072512,4207252,112968,1629,5926912,2920834,5136635,15030665,12286390,5790507,1942900,15496152,1089,4351295.31
2021-06-24,Uttar Pradesh,47791658.2,80786,29450,17154546,4728230,17437866,4988099,754,4019482,5931463,142365,1068,3759983,329884,3405193,2254995,11888571,1745471,5793730,2212952,842,39742574.94
2021-05-13,Tamil Nadu,112370.79,266420,17648,19136418,3190410,24678785,21161066,4385,6853079,940224,110803,24693,5720442,11984241,2719374,6211215,10044995,9039608,19874721,12830707,214,1488245.06
2021-04-05,Uttar Pradesh,19526320.02,38327,9064,30778850,7718510,22382097,23050580,2072,535450,16828941,43590,8299,6607109,5597625,3466735,15260926,4614461,6046483,13169791,10887723,1351,4627897.73
2021-02-06,Assam,31872713.86,22293,3398,31458563,7328503,19538990,8913507,3616,2385738,24141708,133299,26093,1796446,8422695,11032303,2929968,8984506,9033211,13755307,17099810,211,33029677.85
2021-04-14,Andhra Pradesh,9813117.04,73151,28625,37315901,11781055,4659769,22268678,1732,1854858,60724,121110,23592,1477257,8196746,3475708,123692,3539057,9007024,15663157,130949,3817,1723747.47
2021-07-05,Delhi,27764605.35,74968,18212,17151183,9327092,17329940,4984887,3683,4146769,32570985,8880,17872,3107676,11125002,915201,7823293,12526026,4257339,11161989,585888,182,11590926.98
2021-04-01,Delhi,32388573.29,287739,24798,29950349,2584373,258035,8674819,4902,5542010,17747553,97144,7222,19536804,4113007,7212659,14898377,759619,9561137,977279,8735296,3589,20348248.0
2021-04-28,Assam,41364939.33,54295,26832,17851800,4044968,17202411,20801701,1784,2393935,33473787,176860,23098,16993929,10250118,8475922,5897624,4918318,1638314,9241579,8670659,2393,30677699.64
2021-04-29,Maharashtra,23650042.55,143888,12037,32006296,4728598,10089708,15922032,944,4382700,3357086,120363,1004,13353611,14046311,9369808,13859725,8991,8442431,19309602,15063125,2798,22561044.27
2021-07-11,Assam,17833515.43,165897,18321,12471171,4425476,10864949,3448828,2083,4175785,8887912,42847,19450,1149361,2189448,6106920,8081777,6587781,5033110,18975729,15515487,178,23446077.51
2021-08-06,Karnataka,48505811.25,240494,10736,27341888,8467097,4653047,22528325,1371,3333852,21482071,175115,11667,16455235,6013610,7696629,10715625,10913426,8256937,17842346,5512283,3728,32187501.79
2021-05-20,Odisha,17570413.13,61963,24764,11566234,710437,9057820,20467003,2148,2060633,28588142,46484,25201,6136654,9200983,3235078,5771917,5760118,7808452,9181868,13850754,534,4611745.95
2021-05-06,Andhra Pradesh,18933432.56,205138,8204,8873842,2504146,13116467,18096364,4103,7096511,5355524,170093,20525,12900133,5139216,4550790,11617153,110580,960828,1151698,3899179,3342,19185882.4
2021-04-05,Gujarat,29775342.18,33760,6091,22816799,6018329,647004,19129486,4097,2105971,13726144,53108,17586,8314927,10647749,5137684,7034655,11311862,5205925,6296187,6845418,1829,7668268.91
2021-07-04,India,42592151.89,98304,20050,29914096,10514521,13779742,21326273,3329,4157459,37793394,167201,21350,16166639,6154833,6227952,15822937,4551488,4571906,13227880,5415147,3445,19287448.04
2021-03-22,Maharashtra,9446835.7,216833,25751,6221125,1660867,12347502,22214683,773,1648122,37098334,92815,19196,18166148,7588100,11567062,4724207,1024327,6056199,16887385,7204425,3516,25912961.32
2021-07-07,Bihar,40429347.0,286347,7846,7600369,6591786,9724095,14787701,3520,769499,23448839,187102,7830,4628128,10778695,10519523,2885081,1038093,8082299,17153374,16767893,3569,11889712.54
2021-06-13,Gujarat,19389255.12,33754,24977,7010694,5545768,19870889,6303527,4614,5830580,35794353,141633,18865,2142556,10751883,1344090,13704321,7797541,5717878,7552703,8680799,2697,22078514.66
2021-07-29,West Bengal,8282289.53,164149,9000,7667697,5846689,13226076,5994806,4292,3857386,13543736,93936,4188,19786121,7438731,9506004,2117596,5028429,6949618,3578389,5894394,64,30001397.25
2021-08-11,Rajasthan,38809830.5,34891,2901,36528621,1525562,9787591,2416452,1833,640933,24858441,85325,13902,10310441,14360146,10194242,11346701,1577579,4214320,14131075,17248312,2261,18390787.76
2021-05-08,India,11528877.89,244323,17229,1534779,4502899,6672610,14027200,156,4139150,8075166,174473,13574,4122622,9349271,11871334,8922465,7091514,9485374,18176253,3478938,296,36630424.42
2021-03-03,India,3154252.66,292700,2250,2928635,1685105,15635430,15957447,1301,6920325,21338485,167791,3470,11086464,11150081,3239456,5441220,596463,9408126,11989257,8639126,3334,26070913.27
2021-02-07,India,16250753.44,105402,7785,9689714,5169143,15558614,6584210,3579,2060228,14036311,90481,11446,12884024,4286259,6653628,9198195,2456489,7459226,679027,4750395,3912,14898589.94
2021-02-06,West Bengal,28124076.66,16407,14579,8340453,9738124,3543806,19780487,2430,2386056,7009083,110406,15075,2690445,1865052,3944980,14789316,10145000,5688680,14780467,308467,2532,18426255.82
2021-07-29,Maharashtra,680177.94,195468,28360,14300651,8397400,7457479,16149856,4036,894162,25681913,102903,236,8225492,12568716,8095404,4730816,10780447,196317,3916111,8443215,127,2107671.71
,,12885964.31,75025,,29126309,1321818,7740515,23454820,542,5356758,22183416,109910,6209,10347107,2228102,1690142,17644849,9675834,1304753,370952,8247985,368,2480250.25
2021-01-27,Gujarat,35926716.41,179850,16231,24754531,11936392,19926701,13171398,2843,719300,752555,120972,24178,1029342,2258467,5793745,10419604,7826659,1894269,17885402,12458820,2466,7505126.41
2021-05-14,Kerala,21079117.71,52882,27162,33315862,9476630,14366427,19623799,4435,4632988,5359261,109547,26763,7770700,6898832,10195054,15051413,12670512,9626444,12539896,4538699,957,21167590.92
2021-04-10,Tamil Nadu,8427805.66,176552,13456,20241265,3995050,11913943,13137709,2557,5929763,16529853,64061,8699,13931066,13740299,5944717,12493066,3392073,6536186,3228729,14880103,1534,8461267.96
2021-02-01,West Bengal,20390345.9,148380,18670,32880260,11980357,1724765,20995518,4842,4335811,12733026,73920,11685,15820575,427833,4187343,8222616,775829,9562266,11565002,13780106,199,39542184.43
2021-03-19,Assam,22698508.71,271063,3230,1252694,2843752,16261517,19560299,582,6415380,37872017,90898,24273,12243211,14776529,2143590,1340544,6539092,7952073,15294218,12055600,1300,23494597.66
2021-07-15,Gujarat,48837850.36,289465,21771,4966346,7147089,15996495,21982627,766,3275867,24289605,168752,15339,18125130,14861187,420643,17342774,6096012,8442783,9947374,13319928,10,6389179.74
2021-05-25,Tamil Nadu,10032368.27,34501,1476,29897319,7764288,20734246,22898391,4746,345947,34221832,103276,7399,1172242,10436581,2915671,7461102,1688650,5803451,19512239,3284600,2851,18032269.38
2021-06-24,Uttar Pradesh,45430489.12,164006,15086,20192947,10632341,4546544,20000083,4150,419182,18340606,141591,11534,3642494,6105120,121415,908915,3193804,9824962,3460329,17724726,1492,34210432.31
2021-02-05,India,38023770.78,141,12040,21993759,6136954,1428991,12675893,2392,3862001,34487604,16409,22196,17823289,13044114,1011331,5839972,1166838,2774483,17086907,1061749,3010,28976053.18
2021-01-29,Tamil Nadu,49867491.17,102409,6124,16152821,11021648,2658078,16248451,3018,7765561,12530814,93420,3144,18818932,3486172,7544247,13343535,9678174,4974100,16333544,5823401,2400,17602351.49
2021-02-26,Punjab,18928825.46,222517,29553,9217610,5608418,7254640,13793107,154,2697950,6966004,133376,20721,11155890,13318436,6430908,3951445,8075474,5879400,8725274,4094230,2210,23380428.98
2021-04-08,Bihar,19116745.75,103181,967,6635424,4726168,6982756,1577029,4622,7864713,17135888,39949,332,16890334,5735056,10863011,3844034,12280195,1150659,2393511,13431593,2939,24029976.35
2021-02-16,Maharashtra,14112893.68,295980,1913,33481027,8057915,753430,17364737,2185,7792252,22259175,16940,6687,11078605,14883121,6040917,14897396,5363669,954591,6688623,1247619,3314,39272246.08
2021-01-29,Karnataka,38678316.12,181062,28605,26165318,484187,21534314,12071193,2206,4051028,20445706,47120,22254,13599655,7573273,9190795,3457475,5293229,9053859,12427830,3601551,1726,36644596.38
2021-02-10,Maharashtra,10258119.54,119844,147,15432468,2728155,16371050,9508737,3133,5980612,15649150,71750,28253,6777008,4730599,930846,10397547,8857105,3644512,15669086,12386625,1626,32487353.62
2021-04-13,India,13409641.7,281866,7926,16292333,1512060,16402776,20666832,2500,2057245,15851920,190166,9207,12845154,12737188,7854197,820801,2739400,9643965,488384,4439905,420,37603378.55
2021-07-12,Odisha,3431309.57,30745,26787,20963702,739880,19256856,21840427,4402,6366459,15945924,127222,3120,1114881,12091955,8324966,14698859,6992755,7909439,19008988,12342504,2802,12226172.24
2021-04-01,Uttar Pradesh,37614265.61,158012,4387,3629410,5021063,17056800,4515800,1723,696843,33445752,18569,23700,15858847,1240054,10056481,4457118,604497,4089524,1311609,6294121,3981,14836165.48
2021-06-09,Tamil Nadu,11950369.01,232674,7412,35248899,3452670,11955728,2823345,2258,5106483,22607959,125245,12792,14634896,14691720,4001849,10157153,1192752,1233703,16719337,11917626,2861,27019910.48
2021-06-14,Odisha,42357221.04,114199,24614,3922032,11237242,19860355,9367721,4213,4046665,25537163,82643,3569,1027585,8020829,8422938,10844176,9816957,9482895,18846448,3574233,3057,32071320.65
2021-04-26,Maharashtra,2460089.76,193038,27583,31752114,10099613,14742811,17550949,2505,7054784,26440961,115704,15513,8283898,1086210,324226,8503589,9547750,841568,17992203,4190668,3940,14875125.55
2021-08-06,Maharashtra,35873675.97,226675,7664,13750575,1474851,16376190,13280625,2894,2531122,1396142,53058,6410,7278654,8186563,7991396,7425626,9293304,7588689,459101,1409112,799,16082348.35
,,12390919.03,285516,,27359977,11040839,13497060,15772931,75,4320808,30676355,198047,8731,6426624,271009,1943647,13036245,8107089,8984590,14262694,5807439,3993,35313897.56
2021-05-17,Bihar,8120719.26,243991,4742,20370508,9806463,14638111,7351697,4140,2452847,39869879,153918,23221,15106194,11111937,2303416,12071471,7414141,2753384,5991020,3783860,3776,4927871.87
2021-06-15,Tamil Nadu,36657504.1,71358,24364,4730593,11000495,16730491,15366152,262,2956547,39535243,78813,8708,19417447,14349150,11762157,10709125,6559573,5050539,11280465,3794140,536,7134796.41
2021-07-28,Assam,25069523.8,181184,26998,35383819,8282578,14109906,20624772,730,7181893,6788080,39917,15521,15360800,12453462,7227295,3997603,8658818,8065930,13686984,16051866,3411,8905518.11
2021-07-19,Punjab,8697085.47,233658,13370,20518169,1633224,24530315,23611504,1642,3090398,28774076,119,21115,19417797,7224059,153796,17005574,5319770,3688716,3859060,10643556,1912,26520098.71
2021-04-27,India,12890085.05,197654,13371,28963232,742463,12680062,16797037,3947,2191783,1156613,130491,26130,15818048,12699675,10742484,7922665,3702110,6470941,17839655,5501493,3583,28664051.56
2021-04-24,Gujarat,14536300.93,13282,20409,27443745,1036388,11066345,15873853,4717,4433713,17954298,63824,17935,15867688,3468785,10566072,3408945,11714949,715696,14246341,14559344,1995,32556517.82
2021-07-30,Rajasthan,15323656.99,43070,27976,13712920,9535637,22403975,4261754,3936,4923713,39030136,182407,2810,2941767,12737850,5953402,8602118,11636941,6945986,1498725,9022320,3017,30290466.97
2021-07-08,Odisha,43123752.98,218883,7991,4239363,3819997,9725067,3534801,1883,134287,18848719,85836,24135,11009879,154396,10843873,3206183,11158169,7393917,15300662,6862629,9,2611409.07
2021-05-13,Delhi,27774801.84,197213,2676,7040750,9730917,2478834,8024377,3225,6990923,7719258,193888,16562,13909962,7772850,11904235,10309616,10677418,6379994,13794239,14112631,1773,6593170.91
2021-07-02,Rajasthan,37190242.25,106293,12134,37452369,6024840,3906114,15023525,497,2775397,6336956,118053,11686,8920916,9871254,3086381,7763790,1902136,4189778,909525,17960139,2093,14516885.04
2021-07-13,India,17926509.21,137568,28155,5393495,5415198,6156590,3336406,2897,649148,34268369,67167,19682,9867348,13391725,7485679,2629043,10094629,6608024,19358021,706275,3398,13996939.45
2021-07-14,Tamil Nadu,3038590.19,272816,15163,34032154,2872131,11769868,4890617,1685,2343937,9789936,99133,27935,12862888,13893055,3742353,16381459,1510770,6224881,3538009,716801,3558,2397668.54
2021-05-19,Delhi,9716107.03,91019,21332,29666893,1615304,17273038,10943527,3160,1821426,25789391,62104,123,13451987,1451553,7751389,16736276,6328895,4002842,13305989,5010769,931,26146912.07
2021-03-06,Rajasthan,3075321.69,89616,25782,35731835,1676412,7847222,2465401,4972,6998334,28435169,48950,14485,19482183,9087365,7216183,9414508,3010852,4464780,9432793,641565,580,4999989.59
2021-04-17,Andhra Pradesh,8193718.58,270535,27242,8686310,2824506,18902825,11572002,514,1512510,7197329,74521,14211,8374865,2705964,5379051,17907403,10401603,8966820,17018653,17213863,2478,6101452.15
2021-06-01,Bihar,26668989.45,259242,14422,9690459,5449775,21643932,17761965,2345,6922623,10724137,143910,14320,2993906,460138,9141526,2488438,2199430,3822223,16226733,3381490,879,6355382.17
2021-02-22,Bihar,25044778.23,9514,27321,31866763,10828005,21211591,20485414,1007,4129887,41351594,159766,22238,11805740,6782804,5165893,17213733,1665481,7988216,814670,5320141,1372,22710960.85
2021-05-31,India,25583473.9,189052,4717,31141589,161107,25651942,1641096,628,3923759,6450399,21913,25120,13133308,10672818,11805893,10056375,7329751,6582079,2614471,14000265,816,17106024.29
2021-03-24,Rajasthan,40911723.39,151399,220,7066526,7043598,5895186,7882210,1694,254566,32975640,1996,29629,15152034,8788816,11686907,9944620,6495183,873134,8155807,13170370,567,31675601.8
2021-01-19,Maharashtra,21617002.09,1480,25682,12280453,6118491,25882931,18337052,2910,6848519,22052516,96035,17592,12680333,8736715,8632696,2257822,11131684,8354264,11800051,17873944,75,38187286.9
,,37780424.61,161112,,17800756,10750939,9344984,5245969,169,6892760,1941284,77321,28102,19090149,3247381,1591003,4278344,7038239,2097231,15797311,11415317,438,35638665.79
2021-03-06,Andhra Pradesh,44328408.78,164487,27653,7740103,9332579,19470078,23251372,3410,7822495,6371431,167466,7551,15820194,9856416,10953274,14197816,8188868,5140859,7784774,14005693,3464,21793104.88
2021-02-08,Rajasthan,624343.39,26563,1104,28264516,7853763,6481370,23079246,2894,6596373,12630835,99205,18024,17834233,8596337,8949285,17902355,11783393,60,18491053,15288594,3617,14043467.01
2021-01-25,Karnataka,1795067.42,131965,27278,25235647,11245350,25039160,9444329,4126,5391525,31400396,160350,27639,10586307,624208,9288311,1952778,4517965,5543563,1760911,14813793,1654,25427998.14
2021-01-17,Punjab,2826148.84,19688,5096,12819476,7170938,17506282,12302881,3787,5064047,697057,179556,14801,2508933,12691279,956415,16050344,5200840,7575416,275729,1437398,2574,18838569.34
2021-04-02,Telangana,38931906.02,27146,14920,32329191,9635434,9828216,8870353,2109,934489,606938,74216,27459,7004161,12812061,1636413,14267432,5651783,4786550,10833532,16034707,3393,14194310.77
,,39133906.13,227604,,37672915,10784754,9397004,2353288,1322,622381,3810919,93222,22813,7111202,8260000,317064,10057258,1531714,3701544,9546104,9015009,2415,19573089.85
2021-02-08,Delhi,25302347.84,21233,24044,36123882,4639043,23957935,14190717,2832,503120,41649588,135537,8402,13796946,7901911,10924568,14419128,3290272,1578887,4869706,15005799,870,11067922.08
2021-08-11,Odisha,549052.44,271368,8964,35551495,11766452,2448738,22219619,2862,371464,32859616,157448,106,18676086,14104576,11421732,1643201,10594493,7049079,18582202,2080421,1182,32181301.5
2021-08-06,Tamil Nadu,8472366.71,280684,3687,29583666,8429264,12793520,16544933,1324,3450235,34433219,10324,589,17532247,14504408,2022663,15934565,10346378,8605711,18158031,15904783,766,3902231.76
2021-07-07,Punjab,41419102.07,288469,6062,2654063,8826573,15178977,11712766,2832,4964378,10439553,171817,21988,8057306,11593393,5919293,11082422,5977350,2842873,16539211,1518556,2719,2161500.38
2021-08-03,Delhi,3836426.6,256728,2682,695350,4778747,14972000,10368018,3341,6412482,14196256,136807,5766,4783702,2872416,3327401,9476428,4453764,7044550,10428365,9279114,2263,21798519.74
2021-01-22,Uttar Pradesh,3542882.25,130282,24393,18336754,817103,623691,10645874,886,5297499,7374653,107089,21000,3056660,5671881,8322791,3354640,6238326,8195954,9345412,13931121,3385,22320227.12
2021-08-04,Delhi,38908837.91,263765,19859,6363193,3156932,13894261,18009380,3944,740109,21832197,3178,27407,19162667,10449456,3535402,3862357,9450759,3887569,11578585,2878690,3471,5330881.85
2021-07-14,Delhi,30494488.76,224383,14004,10106455,6469346,6282116,3716118,3302,7733984,6272475,72580,4263,16551023,3731777,3708682,12265978,10443222,6598866,8377811,13489106,3758,37864605.29
2021-05-30,Maharashtra,20754547.02,131767,16094,37744360,11174267,14386701,1405779,163,6267852,32773535,138276,5855,14206062,414886,125997,4210075,6692473,6891181,4056089,1097683,1607,25234225.51
2021-03-25,India,41100307.61,245517,16278,37213747,5226360,6635296,3380556,4426,4274724,20398926,189062,21951,16033011,13016673,7325006,8636148,438726,2900099,18528656,8173417,1887,17378511.57
2021-05-29,Andhra Pradesh,27443403.5,263901,1605,17181177,3307328,14016132,4477127,4585,4484188,2434048,60584,12267,18163235,12709832,161278,11443760,1815567,4277386,409127,8199671,156,7232586.23
2021-06-15,Kerala,25582040.83,295518,5266,32097005,11055627,9434469,19278835,1839,602742,35469642,129187,2835,9649464,2067116,3402573,9940581,10386515,7159079,2818793,5357151,1750,15343280.52
2021-05-03,Maharashtra,32938161.83,249990,12602,39238334,9043863,7894105,17085008,3956,3032670,36751545,99138,12935,1731307,13475889,178515,9723147,10678784,2498699,78428,10956374,1558,10154511.63
2021-03-13,Bihar,38527830.66,78330,10661,15285676,9648943,17626555,7681954,3276,6111345,33242532,193650,13834,17841849,356673,1095847,2414303,8987039,7707532,19137949,13024350,137,21061060.33
2021-04-25,Rajasthan,982668.68,118297,13378,23397358,11446140,10691232,18962027,1093,7662309,11613068,5365,8481,3639828,14766418,488112,6212595,3807018,6167376,10904979,2096839,3802,14063594.44
2021-02-10,West Bengal,17878387.52,83347,16772,31499066,2530432,4927996,23188529,532,5827388,38995866,196720,14005,19378356,11875560,4111875,17947078,7359706,2057572,19756292,11288791,1363,28878182.23
2021-05-29,Maharashtra,7229155.61,55741,10895,31931056,6393274,7804551,17944965,1617,1959244,3960033,109399,21916,15275705,12956718,8406071,7774156,1205323,3039558,18584803,9187049,2457,2504385.81
2021-02-01,Karnataka,23644025.58,25774,16243,22797619,7745375,24690949,15861451,191,4087112,32503742,199063,9622,15334554,4593523,9541682,15534517,1355563,8136796,16263068,12949742,1958,23574155.93
2021-06-12,Punjab,23161369.81,205481,8668,16762258,8134180,20428851,13161317,2828,4982939,4907265,2486,19319,6604304,5177586,5362168,3088946,7538311,8149056,16677248,8992306,937,37808542.9
2021-07-01,Odisha,22077368.96,263788,12307,29307947,7977819,15747802,13598412,1660,6045094,17178734,143630,9313,14171979,6246829,864755,14429148,11308997,4298645,16518656,3797037,3027,25772189.45
,,25251782.7,265801,,11150401,4766274,12868840,10150221,4330,2334949,5801193,178575,29101,13483621,10755638,3497844,17352449,9507441,3852723,6786430,12006112,3372,23405303.4
2021-05-18,Tamil Nadu,45345190.69,84084,16321,34749118,8475182,734842,6990433,330,7036313,28794033,13829,19703,8351166,10218422,11597061,16081417,8881662,9935645,17220242,11261762,271,15908849.32
2021-07-13,Gujarat,3669913.54,2940,8870,34192768,10339110,9399582,7331660,1160,3802690,5163218,179322,27620,14396427,7045253,7879448,16232107,5809662,5107558,10607340,8833862,2948,30876610.38
2021-05-04,Assam,8550430.98,226054,20052,4935591,2895417,14795722,22733850,3719,4708707,35345735,119441,16293,335526,1869985,6918859,17034034,425933,5414178,10288913,8407347,3308,32326113.61
2021-04-25,Punjab,1838902.92,106020,12103,23462056,5863207,10576724,13255055,3514,4627427,9748062,69750,27003,2766558,10863206,11002936,8946507,5202844,3618682,4210368,4889244,3211,10768567.47
2021-01-29,Uttar Pradesh,43486130.11,37589,23205,15831395,3480296,21214310,16067798,1966,5817810,917323,83986,19634,19567732,11139646,8938995,16232679,12465111,4130520,12670737,1610245,1894,3429901.39
2021-07-05,Tamil Nadu,3173700.22,150601,27041,37985736,7379713,21613418,6359488,3495,2807727,39176440,191613,17941,11159376,12868268,10850089,12025879,8350234,5853762,837973,8800773,3497,30087787.38
2021-01-17,Maharashtra,32588168.9,129655,29286,16835394,4030818,22993560,2148912,3251,1008822,35946279,132297,5515,17283789,12282943,5882917,5823502,3587155,6059182,7782112,12889792,3299,16561358.48
2021-08-05,Uttar Pradesh,10436330.3,34706,25447,21781311,6111326,20125701,20991053,2322,5831437,39035289,16324,6167,7368784,578013,1277319,1879236,1054851,7389379,5680747,12181373,976,27455268.48
2021-04-06,Punjab,7137273.38,155928,5545,6281985,2845103,11272208,22802699,2451,7093168,13486850,150347,25116,16737406,4159453,6084285,4910201,6067122,1449074,16917609,3213032,3723,5659836.08
2021-01-25,Delhi,3214557.26,222555,28676,22037343,8082353,22986728,16707401,291,1269956,8653931,107817,27729,6696767,8933356,2011474,14517014,2544124,6986823,19981420,9985627,1673,25377446.19
2021-02-18,West Bengal,42986127.9,208779,20167,14309294,2885674,2634653,22106280,4236,959557,24282464,9373,6011,3096581,6638554,9888868,9033349,7682792,5340566,18549317,7734344,3080,30994209.65
2021-08-07,Odisha,43393129.87,209,23755,29847604,9437329,10108774,15435043,2515,1930097,40155786,127838,1205,1032096,861569,11447521,15739324,3237148,7024340,3205550,10325579,3680,10084198.2
2021-04-01,Assam,29168795.57,227894,15903,9200328,10049322,21546835,11264836,2994,5058040,8954133,27370,10239,12005383,598449,5964518,17423675,1097725,8876934,19334323,278890,1061,10067628.59
2021-01-29,Assam,32730643.91,71224,6347,10896558,6020889,9668970,16201871,3972,7133529,16552837,6131,10237,16103229,4617263,2169328,16093002,8651960,8205229,19104802,12485512,1606,16992833.34
2021-07-27,Delhi,18105578.17,299051,14750,28906686,7817623,16666142,15283774,3510,502141,28078004,186371,11496,12997547,2278340,3225543,761242,7554004,1925661,12296866,7573877,45,9295271.72
2021-07-02,Uttar Pradesh,15571142.63,170500,5329,7067851,11276166,19192349,16473976,2524,973593,21197306,114378,3941,1543367,1357531,5844716,4801018,2612901,4269453,3268582,11183247,559,30086322.35
2021-05-01,Karnataka,30465157.88,218985,5079,23658194,3051244,16569740,1650950,1862,6820936,6396570,51720,14988,11530064,1717312,9763910,15935221,12103656,7543988,5539446,4662706,1561,29833049.01
2021-06-28,Uttar Pradesh,30257575.78,101888,21531,28703247,6407065,21569569,12253573,4985,4419192,30234573,194715,5418,5783596,4319525,11284235,4486348,9308710,8072412,2482559,601908,1324,37814839.81
2021-03-08,Bihar,45163045.57,139262,23170,5574740,5202400,4304647,9148371,2672,487840,41659881,183485,6043,13149277,2342325,8852202,13537508,12809819,5138892,5865133,9023967,1324,11413862.08
2021-03-04,West Bengal,15354407.09,202805,28666,23560958,8416639,23742247,990229,577,6844923,27514990,56215,23740,2394384,12656509,297829,6848633,1742587,8664509,12646007,11997152,3026,20546133.14
2021-06-09,Rajasthan,14880862.27,228238,740,30512794,973024,11271436,12945294,4223,1395147,23107064,27105,28514,19524079,9208152,3212177,2621293,5110505,1607982,7495351,16425434,572,36808919.75
2021-04-08,Odisha,45801435.7,256046,25090,15215643,7431247,19791052,2266284,1587,3417844,958826,59777,12751,10782450,14601612,6266200,5584608,3727763,9566895,15082856,4802698,2371,35916401.91
2021-07-16,Kerala,33849147.7,160786,27118,17078072,6223487,18566549,7665075,3750,1411705,7826217,10591,17051,6257254,12730339,7189032,13123835,2893705,1586784,2255734,1141151,2847,39556953.74
2021-03-05,Telangana,31238134.57,176033,19180,26755463,9776048,4363648,16562079,4616,5621127,16566584,165602,15159,11051772,2316087,2343411,1946403,6127817,9297270,705399,12913085,1734,20018740.77
2021-03-03,West Bengal,850149.63,234694,21805,35498333,9830217,1459563,18643129,2128,594874,11520965,191726,4612,19982319,136823,6589685,1770122,2181542,4711684,14491873,1901700,2534,8366361.71
