parent_location_name,location_name,current_emergency_department_name,emergency_department_current_care_area,last_update,encounter_count
Watauga Medical Center,Watauga Medical Center Emergency Services,EMERGENCY DEPARTMENT FAST TRACK,Main ED,2026-06-10 20:23:25,44
NASH HOSPITAL,Nash Emergency Services,EMERGENCY DEPT ADULT,Resuscitation,2026-06-10 21:13:05,23
BLUE RIDGE HOSPITAL,Blue Ridge Emergency Services,EMERGENCY DEPT PEDS,Pediatric ED,2026-06-10 21:09:37,6
SOUTHEASTERN REGIONAL HOSPITAL,Southeastern Regional Emergency Services,EMERGENCY DEPT ADULT,Fast Track,2026-06-10 22:06:41,16
REX HOSPITAL,Rex Emergency Services,EMERGENCY DEPARTMENT FAST TRACK,Triage,2026-06-10 20:31:02,23
Watauga Medical Center,Watauga Medical Center Emergency Services,EMERGENCY DEPT ADULT,Pediatric ED,2026-06-10 21:21:34,31
JOHNSTON HOSPITAL,Johnston Emergency Services,EMERGENCY DEPT ADULT,Results Waiting,2026-06-10 21:32:04,6
REX HOSPITAL,Rex Emergency Services,EMERGENCY DEPT PEDS,Main ED,2026-06-10 20:44:07,42
CALDWELL HOSPITAL,Caldwell Emergency Services,EMERGENCY DEPARTMENT FAST TRACK,Observation,2026-06-10 21:21:03,4
UNC ROCKINGHAM HOSPITAL,Unc Rockingham Emergency Services,EMERGENCY DEPT ADULT,Results Waiting,2026-06-10 23:04:54,25
CHATHAM HOSPITAL,Chatham Emergency Services,EMERGENCY DEPT PEDS,Fast Track,2026-06-10 22:42:48,28
CHATHAM HOSPITAL,Chatham Emergency Services,EMERGENCY DEPT ADULT,Pediatric ED,2026-06-10 22:01:09,11
CHATHAM HOSPITAL,Chatham Emergency Services,EMERGENCY DEPT PEDS,Behavioral Health,2026-06-10 20:48:07,39
Charles A Cannon Jr Memorial Hospital,Charles A Cannon Jr Memorial Emergency Services,EMERGENCY DEPT ADULT,Results Waiting,2026-06-10 21:46:12,6
REX HOSPITAL,Rex Emergency Services,EMERGENCY DEPT PEDS,Fast Track,2026-06-10 20:08:38,11
CHATHAM HOSPITAL,Chatham Emergency Services,EMERGENCY DEPT PEDS,Results Waiting,2026-06-10 23:51:31,16
CALDWELL HOSPITAL,Caldwell Emergency Services,EMERGENCY DEPARTMENT MAIN,Trauma Bay,2026-06-10 21:10:59,36
BLUE RIDGE HOSPITAL,Blue Ridge Emergency Services,EMERGENCY DEPT PEDS,Observation,2026-06-10 22:34:35,21
PARDEE HOSPITAL,Pardee Emergency Services,EMERGENCY DEPT ADULT,Triage,2026-06-10 23:14:30,27
UNC HOSPITALS,Uncs Emergency Services,EMERGENCY DEPARTMENT MAIN,Hallway,2026-06-10 23:12:31,35
UNC ROCKINGHAM HOSPITAL,Unc Rockingham Emergency Services,EMERGENCY DEPARTMENT FAST TRACK,Resuscitation,2026-06-10 23:44:53,30
Wayne Memorial Hospital,Wayne Memorial Emergency Services,EMERGENCY DEPT PEDS,Hallway,2026-06-10 20:35:19,3
CHATHAM HOSPITAL,Chatham Emergency Services,EMERGENCY DEPT PEDS,Trauma Bay,2026-06-10 22:13:00,43
Charles A Cannon Jr Memorial Hospital,Charles A Cannon Jr Memorial Emergency Services,EMERGENCY DEPARTMENT,Triage,2026-06-10 22:45:25,41
Watauga Medical Center,Watauga Medical Center Emergency Services,EMERGENCY DEPT PEDS,Main ED,2026-06-10 20:51:32,18
UNC ROCKINGHAM HOSPITAL,Unc Rockingham Emergency Services,EMERGENCY DEPARTMENT MAIN,Trauma Bay,2026-06-10 23:22:09,22
Lenoir Memorial Hospital,Lenoir Memorial Emergency Services,EMERGENCY DEPT PEDS,Triage,2026-06-10 22:59:44,25
CALDWELL HOSPITAL,Caldwell Emergency Services,EMERGENCY DEPT PEDS,Triage,2026-06-10 20:50:25,40
CHATHAM HOSPITAL,Chatham Emergency Services,EMERGENCY DEPARTMENT FAST TRACK,Results Waiting,2026-06-10 21:30:37,34
Lenoir Memorial Hospital,Lenoir Memorial Emergency Services,EMERGENCY DEPARTMENT MAIN,Resuscitation,2026-06-10 20:20:22,25
Lenoir Memorial Hospital,Lenoir Memorial Emergency Services,EMERGENCY DEPARTMENT FAST TRACK,Resuscitation,2026-06-10 23:32:39,19
REX HOSPITAL,Rex Emergency Services,EMERGENCY DEPT ADULT,Fast Track,2026-06-10 20:05:38,41
BLUE RIDGE HOSPITAL,Blue Ridge Emergency Services,EMERGENCY DEPARTMENT,Triage,2026-06-10 23:24:37,35
NASH HOSPITAL,Nash Emergency Services,EMERGENCY DEPARTMENT MAIN,Trauma Bay,2026-06-10 20:42:31,29
NASH HOSPITAL,Nash Emergency Services,EMERGENCY DEPARTMENT,Observation,2026-06-10 21:48:22,1
BLUE RIDGE HOSPITAL,Blue Ridge Emergency Services,EMERGENCY DEPARTMENT FAST TRACK,Main ED,2026-06-10 21:33:50,44
UNC HOSPITALS,Uncs Emergency Services,EMERGENCY DEPARTMENT MAIN,Fast Track,2026-06-10 23:50:25,28
CHATHAM HOSPITAL,Chatham Emergency Services,EMERGENCY DEPT PEDS,Resuscitation,2026-06-10 23:57:59,37
Charles A Cannon Jr Memorial Hospital,Charles A Cannon Jr Memorial Emergency Services,EMERGENCY DEPT PEDS,Triage,2026-06-10 22:40:02,8
PARDEE HOSPITAL,Pardee Emergency Services,EMERGENCY DEPT ADULT,Main ED,2026-06-10 21:02:50,34
UNC HOSPITALS,Uncs Emergency Services,EMERGENCY DEPARTMENT FAST TRACK,Behavioral Health,2026-06-10 23:49:36,14
Charles A Cannon Jr Memorial Hospital,Charles A Cannon Jr Memorial Emergency Services,EMERGENCY DEPARTMENT FAST TRACK,Triage,2026-06-10 22:16:31,33
PARDEE HOSPITAL,Pardee Emergency Services,EMERGENCY DEPARTMENT FAST TRACK,Trauma Bay,2026-06-10 23:19:51,40
Lenoir Memorial Hospital,Lenoir Memorial Emergency Services,EMERGENCY DEPARTMENT MAIN,Observation,2026-06-10 22:05:27,14
BLUE RIDGE HOSPITAL,Blue Ridge Emergency Services,EMERGENCY DEPARTMENT FAST TRACK,Observation,2026-06-10 23:34:49,16
BLUE RIDGE HOSPITAL,Blue Ridge Emergency Services,EMERGENCY DEPT ADULT,Hallway,2026-06-10 21:35:44,6
Watauga Medical Center,Watauga Medical Center Emergency Services,EMERGENCY DEPT PEDS,Results Waiting,2026-06-10 23:34:49,20
REX HOSPITAL,Rex Emergency Services,EMERGENCY DEPARTMENT,Fast Track,2026-06-10 22:50:18,32
SOUTHEASTERN REGIONAL HOSPITAL,Southeastern Regional Emergency Services,EMERGENCY DEPARTMENT,Fast Track,2026-06-10 22:38:27,1
Wayne Memorial Hospital,Wayne Memorial Emergency Services,EMERGENCY DEPARTMENT FAST TRACK,Behavioral Health,2026-06-10 22:01:37,3
CALDWELL HOSPITAL,Caldwell Emergency Services,EMERGENCY DEPT ADULT,Triage,2026-06-10 22:28:56,8
REX HOSPITAL,Rex Emergency Services,EMERGENCY DEPT ADULT,Resuscitation,2026-06-10 23:57:08,20
UNC ROCKINGHAM HOSPITAL,Unc Rockingham Emergency Services,EMERGENCY DEPARTMENT MAIN,Pediatric ED,2026-06-10 20:58:55,45
Charles A Cannon Jr Memorial Hospital,Charles A Cannon Jr Memorial Emergency Services,EMERGENCY DEPARTMENT FAST TRACK,Observation,2026-06-10 21:28:46,17
Watauga Medical Center,Watauga Medical Center Emergency Services,EMERGENCY DEPARTMENT FAST TRACK,Behavioral Health,2026-06-10 21:28:59,43
REX HOSPITAL,Rex Emergency Services,EMERGENCY DEPARTMENT FAST TRACK,Trauma Bay,2026-06-10 20:14:43,27
Charles A Cannon Jr Memorial Hospital,Charles A Cannon Jr Memorial Emergency Services,EMERGENCY DEPARTMENT FAST TRACK,Trauma Bay,2026-06-10 20:34:47,2
BLUE RIDGE HOSPITAL,Blue Ridge Emergency Services,EMERGENCY DEPARTMENT MAIN,Pediatric ED,2026-06-10 23:26:03,14
Lenoir Memorial Hospital,Lenoir Memorial Emergency Services,EMERGENCY DEPARTMENT,Fast Track,2026-06-10 22:31:08,39
SOUTHEASTERN REGIONAL HOSPITAL,Southeastern Regional Emergency Services,EMERGENCY DEPT PEDS,Main ED,2026-06-10 21:21:31,13
REX HOSPITAL,Rex Emergency Services,EMERGENCY DEPARTMENT MAIN,Observation,2026-06-10 21:44:44,22
JOHNSTON HOSPITAL,Johnston Emergency Services,EMERGENCY DEPARTMENT MAIN,Hallway,2026-06-10 23:47:43,6
SOUTHEASTERN REGIONAL HOSPITAL,Southeastern Regional Emergency Services,EMERGENCY DEPT PEDS,Triage,2026-06-10 21:51:16,2
Watauga Medical Center,Watauga Medical Center Emergency Services,EMERGENCY DEPARTMENT,Results Waiting,2026-06-10 22:54:09,22
NASH HOSPITAL,Nash Emergency Services,EMERGENCY DEPT PEDS,Fast Track,2026-06-10 21:21:47,18
JOHNSTON HOSPITAL,Johnston Emergency Services,EMERGENCY DEPARTMENT MAIN,Main ED,2026-06-10 22:16:08,25
CHATHAM HOSPITAL,Chatham Emergency Services,EMERGENCY DEPARTMENT FAST TRACK,Behavioral Health,2026-06-10 20:52:15,39
UNC HOSPITALS,Uncs Emergency Services,EMERGENCY DEPARTMENT MAIN,Trauma Bay,2026-06-10 22:11:58,20
JOHNSTON HOSPITAL,Johnston Emergency Services,EMERGENCY DEPARTMENT,Resuscitation,2026-06-10 22:02:44,28
Wayne Memorial Hospital,Wayne Memorial Emergency Services,EMERGENCY DEPARTMENT FAST TRACK,Resuscitation,2026-06-10 23:27:19,39
BLUE RIDGE HOSPITAL,Blue Ridge Emergency Services,EMERGENCY DEPT PEDS,Trauma Bay,2026-06-10 23:31:57,30
PARDEE HOSPITAL,Pardee Emergency Services,EMERGENCY DEPARTMENT FAST TRACK,Main ED,2026-06-10 22:11:40,13
CHATHAM HOSPITAL,Chatham Emergency Services,EMERGENCY DEPT ADULT,Trauma Bay,2026-06-10 19:59:08,13
Wayne Memorial Hospital,Wayne Memorial Emergency Services,EMERGENCY DEPARTMENT MAIN,Resuscitation,2026-06-10 22:14:33,8
BLUE RIDGE HOSPITAL,Blue Ridge Emergency Services,EMERGENCY DEPARTMENT FAST TRACK,Triage,2026-06-10 21:26:51,43
CHATHAM HOSPITAL,Chatham Emergency Services,EMERGENCY DEPARTMENT FAST TRACK,Resuscitation,2026-06-10 21:06:10,37
SOUTHEASTERN REGIONAL HOSPITAL,Southeastern Regional Emergency Services,EMERGENCY DEPARTMENT MAIN,Results Waiting,2026-06-10 20:49:23,24
CHATHAM HOSPITAL,Chatham Emergency Services,EMERGENCY DEPARTMENT FAST TRACK,Pediatric ED,2026-06-10 22:18:47,12
CHATHAM HOSPITAL,Chatham Emergency Services,EMERGENCY DEPARTMENT MAIN,Behavioral Health,2026-06-10 23:51:46,5
CHATHAM HOSPITAL,Chatham Emergency Services,EMERGENCY DEPARTMENT FAST TRACK,Observation,2026-06-10 20:29:03,8
Lenoir Memorial Hospital,Lenoir Memorial Emergency Services,EMERGENCY DEPARTMENT FAST TRACK,Triage,2026-06-10 22:21:12,4
NASH HOSPITAL,Nash Emergency Services,EMERGENCY DEPT ADULT,Main ED,2026-06-10 21:27:00,30
UNC HOSPITALS,Uncs Emergency Services,EMERGENCY DEPARTMENT FAST TRACK,Fast Track,2026-06-10 20:50:12,24
CHATHAM HOSPITAL,Chatham Emergency Services,EMERGENCY DEPT ADULT,Fast Track,2026-06-10 20:09:17,10
SOUTHEASTERN REGIONAL HOSPITAL,Southeastern Regional Emergency Services,EMERGENCY DEPARTMENT MAIN,Hallway,2026-06-10 20:49:15,15
PARDEE HOSPITAL,Pardee Emergency Services,EMERGENCY DEPARTMENT FAST TRACK,Results Waiting,2026-06-10 22:38:53,25
PARDEE HOSPITAL,Pardee Emergency Services,EMERGENCY DEPT ADULT,Trauma Bay,2026-06-10 23:42:58,20
Lenoir Memorial Hospital,Lenoir Memorial Emergency Services,EMERGENCY DEPT PEDS,Resuscitation,2026-06-10 22:20:11,24
UNC ROCKINGHAM HOSPITAL,Unc Rockingham Emergency Services,EMERGENCY DEPARTMENT MAIN,Fast Track,2026-06-10 22:59:15,42
UNC ROCKINGHAM HOSPITAL,Unc Rockingham Emergency Services,EMERGENCY DEPT PEDS,Fast Track,2026-06-10 23:24:20,18
BLUE RIDGE HOSPITAL,Blue Ridge Emergency Services,EMERGENCY DEPT ADULT,Behavioral Health,2026-06-10 21:11:45,30
Lenoir Memorial Hospital,Lenoir Memorial Emergency Services,EMERGENCY DEPARTMENT FAST TRACK,Results Waiting,2026-06-10 23:47:00,18
NASH HOSPITAL,Nash Emergency Services,EMERGENCY DEPARTMENT FAST TRACK,Behavioral Health,2026-06-10 21:57:53,1
CALDWELL HOSPITAL,Caldwell Emergency Services,EMERGENCY DEPT ADULT,Main ED,2026-06-10 22:33:48,38
Watauga Medical Center,Watauga Medical Center Emergency Services,EMERGENCY DEPARTMENT MAIN,Triage,2026-06-10 21:06:47,29
Lenoir Memorial Hospital,Lenoir Memorial Emergency Services,EMERGENCY DEPT PEDS,Pediatric ED,2026-06-10 22:37:25,38
CHATHAM HOSPITAL,Chatham Emergency Services,EMERGENCY DEPARTMENT,Observation,2026-06-10 23:17:28,2
JOHNSTON HOSPITAL,Johnston Emergency Services,EMERGENCY DEPARTMENT FAST TRACK,Triage,2026-06-10 21:49:42,33
Lenoir Memorial Hospital,Lenoir Memorial Emergency Services,EMERGENCY DEPARTMENT MAIN,Fast Track,2026-06-10 23:30:28,25
Watauga Medical Center,Watauga Medical Center Emergency Services,EMERGENCY DEPARTMENT FAST TRACK,Trauma Bay,2026-06-10 20:54:30,20
Watauga Medical Center,Watauga Medical Center Emergency Services,EMERGENCY DEPT PEDS,Hallway,2026-06-10 21:22:56,20
JOHNSTON HOSPITAL,Johnston Emergency Services,EMERGENCY DEPT ADULT,Trauma Bay,2026-06-10 20:29:52,15
SOUTHEASTERN REGIONAL HOSPITAL,Southeastern Regional Emergency Services,EMERGENCY DEPARTMENT,Hallway,2026-06-10 20:10:38,24
BLUE RIDGE HOSPITAL,Blue Ridge Emergency Services,EMERGENCY DEPARTMENT FAST TRACK,Resuscitation,2026-06-10 21:55:10,28
CHATHAM HOSPITAL,Chatham Emergency Services,EMERGENCY DEPARTMENT,Main ED,2026-06-10 23:28:22,2
Wayne Memorial Hospital,Wayne Memorial Emergency Services,EMERGENCY DEPT PEDS,Triage,2026-06-10 20:53:32,1
CALDWELL HOSPITAL,Caldwell Emergency Services,EMERGENCY DEPT ADULT,Results Waiting,2026-06-10 21:04:52,32
Watauga Medical Center,Watauga Medical Center Emergency Services,EMERGENCY DEPARTMENT,Triage,2026-06-10 22:05:44,33
NASH HOSPITAL,Nash Emergency Services,EMERGENCY DEPARTMENT FAST TRACK,Resuscitation,2026-06-10 20:04:13,23
REX HOSPITAL,Rex Emergency Services,EMERGENCY DEPARTMENT FAST TRACK,Pediatric ED,2026-06-10 20:45:06,25
PARDEE HOSPITAL,Pardee Emergency Services,EMERGENCY DEPARTMENT FAST TRACK,Triage,2026-06-10 22:07:20,27
Charles A Cannon Jr Memorial Hospital,Charles A Cannon Jr Memorial Emergency Services,EMERGENCY DEPARTMENT FAST TRACK,Behavioral Health,2026-06-10 22:42:58,33
UNC HOSPITALS,Uncs Emergency Services,EMERGENCY DEPT PEDS,Main ED,2026-06-10 21:53:07,42
CHATHAM HOSPITAL,Chatham Emergency Services,EMERGENCY DEPT PEDS,Hallway,2026-06-10 20:50:14,2
Charles A Cannon Jr Memorial Hospital,Charles A Cannon Jr Memorial Emergency Services,EMERGENCY DEPT PEDS,Behavioral Health,2026-06-10 21:28:14,27
NASH HOSPITAL,Nash Emergency Services,EMERGENCY DEPT ADULT,Pediatric ED,2026-06-10 21:30:08,38
PARDEE HOSPITAL,Pardee Emergency Services,EMERGENCY DEPARTMENT MAIN,Triage,2026-06-10 23:43:54,1
UNC HOSPITALS,Uncs Emergency Services,EMERGENCY DEPARTMENT,Pediatric ED,2026-06-10 23:13:41,32
Lenoir Memorial Hospital,Lenoir Memorial Emergency Services,EMERGENCY DEPT PEDS,Trauma Bay,2026-06-10 20:09:38,41
Wayne Memorial Hospital,Wayne Memorial Emergency Services,EMERGENCY DEPT PEDS,Observation,2026-06-10 21:36:46,14
Watauga Medical Center,Watauga Medical Center Emergency Services,EMERGENCY DEPARTMENT FAST TRACK,Fast Track,2026-06-10 23:37:28,23
PARDEE HOSPITAL,Pardee Emergency Services,EMERGENCY DEPARTMENT,Main ED,2026-06-10 22:36:04,6
Charles A Cannon Jr Memorial Hospital,Charles A Cannon Jr Memorial Emergency Services,EMERGENCY DEPARTMENT MAIN,Behavioral Health,2026-06-10 21:03:22,5
Wayne Memorial Hospital,Wayne Memorial Emergency Services,EMERGENCY DEPARTMENT MAIN,Pediatric ED,2026-06-10 20:56:59,11
JOHNSTON HOSPITAL,Johnston Emergency Services,EMERGENCY DEPARTMENT,Fast Track,2026-06-10 21:53:38,26
NASH HOSPITAL,Nash Emergency Services,EMERGENCY DEPT ADULT,Observation,2026-06-10 23:16:10,34
CALDWELL HOSPITAL,Caldwell Emergency Services,EMERGENCY DEPARTMENT MAIN,Results Waiting,2026-06-10 21:02:50,44
UNC HOSPITALS,Uncs Emergency Services,EMERGENCY DEPT ADULT,Behavioral Health,2026-06-10 20:26:40,2
Lenoir Memorial Hospital,Lenoir Memorial Emergency Services,EMERGENCY DEPARTMENT,Hallway,2026-06-10 23:46:00,7
BLUE RIDGE HOSPITAL,Blue Ridge Emergency Services,EMERGENCY DEPARTMENT MAIN,Results Waiting,2026-06-10 23:21:15,24
CHATHAM HOSPITAL,Chatham Emergency Services,EMERGENCY DEPT ADULT,Main ED,2026-06-10 21:32:27,6
UNC ROCKINGHAM HOSPITAL,Unc Rockingham Emergency Services,EMERGENCY DEPT ADULT,Resuscitation,2026-06-10 20:45:55,18
JOHNSTON HOSPITAL,Johnston Emergency Services,EMERGENCY DEPT ADULT,Pediatric ED,2026-06-10 21:23:47,34
NASH HOSPITAL,Nash Emergency Services,EMERGENCY DEPT PEDS,Behavioral Health,2026-06-10 20:22:49,41
BLUE RIDGE HOSPITAL,Blue Ridge Emergency Services,EMERGENCY DEPARTMENT MAIN,Trauma Bay,2026-06-10 20:23:16,7
REX HOSPITAL,Rex Emergency Services,EMERGENCY DEPARTMENT FAST TRACK,Resuscitation,2026-06-10 20:24:00,38
Lenoir Memorial Hospital,Lenoir Memorial Emergency Services,EMERGENCY DEPARTMENT MAIN,Pediatric ED,2026-06-10 21:41:33,37
CHATHAM HOSPITAL,Chatham Emergency Services,EMERGENCY DEPARTMENT MAIN,Main ED,2026-06-10 23:07:08,19
Lenoir Memorial Hospital,Lenoir Memorial Emergency Services,EMERGENCY DEPARTMENT,Trauma Bay,2026-06-10 23:44:39,44
PARDEE HOSPITAL,Pardee Emergency Services,EMERGENCY DEPARTMENT FAST TRACK,Pediatric ED,2026-06-10 22:48:28,5
JOHNSTON HOSPITAL,Johnston Emergency Services,EMERGENCY DEPARTMENT,Observation,2026-06-10 21:25:33,25
UNC HOSPITALS,Uncs Emergency Services,EMERGENCY DEPT PEDS,Pediatric ED,2026-06-10 23:21:00,2
SOUTHEASTERN REGIONAL HOSPITAL,Southeastern Regional Emergency Services,EMERGENCY DEPT ADULT,Pediatric ED,2026-06-10 21:30:04,8
CALDWELL HOSPITAL,Caldwell Emergency Services,EMERGENCY DEPT ADULT,Trauma Bay,2026-06-10 22:05:50,8
REX HOSPITAL,Rex Emergency Services,EMERGENCY DEPT PEDS,Results Waiting,2026-06-10 21:27:55,34
BLUE RIDGE HOSPITAL,Blue Ridge Emergency Services,EMERGENCY DEPARTMENT,Main ED,2026-06-10 23:45:31,6
Watauga Medical Center,Watauga Medical Center Emergency Services,EMERGENCY DEPT ADULT,Triage,2026-06-10 21:19:45,8
Wayne Memorial Hospital,Wayne Memorial Emergency Services,EMERGENCY DEPT ADULT,Behavioral Health,2026-06-10 23:51:58,36
SOUTHEASTERN REGIONAL HOSPITAL,Southeastern Regional Emergency Services,EMERGENCY DEPARTMENT,Triage,2026-06-10 21:56:50,4
NASH HOSPITAL,Nash Emergency Services,EMERGENCY DEPARTMENT,Pediatric ED,2026-06-10 22:44:19,12
UNC HOSPITALS,Uncs Emergency Services,EMERGENCY DEPT PEDS,Triage,2026-06-10 22:40:27,36
CALDWELL HOSPITAL,Caldwell Emergency Services,EMERGENCY DEPARTMENT MAIN,Main ED,2026-06-10 22:34:47,6
UNC ROCKINGHAM HOSPITAL,Unc Rockingham Emergency Services,EMERGENCY DEPARTMENT FAST TRACK,Main ED,2026-06-10 22:11:09,16
PARDEE HOSPITAL,Pardee Emergency Services,EMERGENCY DEPT PEDS,Results Waiting,2026-06-10 20:21:06,36
CALDWELL HOSPITAL,Caldwell Emergency Services,EMERGENCY DEPT PEDS,Behavioral Health,2026-06-10 22:49:04,35
BLUE RIDGE HOSPITAL,Blue Ridge Emergency Services,EMERGENCY DEPARTMENT FAST TRACK,Trauma Bay,2026-06-10 21:15:50,41
UNC ROCKINGHAM HOSPITAL,Unc Rockingham Emergency Services,EMERGENCY DEPARTMENT,Trauma Bay,2026-06-10 20:31:18,35
PARDEE HOSPITAL,Pardee Emergency Services,EMERGENCY DEPT ADULT,Hallway,2026-06-10 22:57:36,25
BLUE RIDGE HOSPITAL,Blue Ridge Emergency Services,EMERGENCY DEPARTMENT,Observation,2026-06-10 23:33:07,23
Charles A Cannon Jr Memorial Hospital,Charles A Cannon Jr Memorial Emergency Services,EMERGENCY DEPARTMENT,Trauma Bay,2026-06-10 22:47:31,38
Wayne Memorial Hospital,Wayne Memorial Emergency Services,EMERGENCY DEPARTMENT MAIN,Fast Track,2026-06-10 22:59:35,18
Wayne Memorial Hospital,Wayne Memorial Emergency Services,EMERGENCY DEPT ADULT,Main ED,2026-06-10 20:03:20,26
PARDEE HOSPITAL,Pardee Emergency Services,EMERGENCY DEPT ADULT,Pediatric ED,2026-06-10 20:58:35,18
Charles A Cannon Jr Memorial Hospital,Charles A Cannon Jr Memorial Emergency Services,EMERGENCY DEPARTMENT FAST TRACK,Main ED,2026-06-10 22:41:54,7
JOHNSTON HOSPITAL,Johnston Emergency Services,EMERGENCY DEPARTMENT MAIN,Fast Track,2026-06-10 23:25:08,31
PARDEE HOSPITAL,Pardee Emergency Services,EMERGENCY DEPARTMENT FAST TRACK,Observation,2026-06-10 22:27:58,8
NASH HOSPITAL,Nash Emergency Services,EMERGENCY DEPARTMENT FAST TRACK,Observation,2026-06-10 22:01:41,23
Watauga Medical Center,Watauga Medical Center Emergency Services,EMERGENCY DEPT PEDS,Triage,2026-06-10 20:14:58,30
REX HOSPITAL,Rex Emergency Services,EMERGENCY DEPARTMENT MAIN,Main ED,2026-06-10 21:27:07,3
CALDWELL HOSPITAL,Caldwell Emergency Services,EMERGENCY DEPT PEDS,Trauma Bay,2026-06-10 21:34:26,29
UNC ROCKINGHAM HOSPITAL,Unc Rockingham Emergency Services,EMERGENCY DEPT PEDS,Trauma Bay,2026-06-10 22:23:58,22
UNC HOSPITALS,Uncs Emergency Services,EMERGENCY DEPARTMENT FAST TRACK,Triage,2026-06-10 21:38:06,22
Lenoir Memorial Hospital,Lenoir Memorial Emergency Services,EMERGENCY DEPARTMENT FAST TRACK,Observation,2026-06-10 23:09:09,28
PARDEE HOSPITAL,Pardee Emergency Services,EMERGENCY DEPT PEDS,Pediatric ED,2026-06-10 23:17:27,19
UNC ROCKINGHAM HOSPITAL,Unc Rockingham Emergency Services,EMERGENCY DEPARTMENT MAIN,Behavioral Health,2026-06-10 21:32:12,42
Lenoir Memorial Hospital,Lenoir Memorial Emergency Services,EMERGENCY DEPARTMENT FAST TRACK,Hallway,2026-06-10 20:13:26,3
Lenoir Memorial Hospital,Lenoir Memorial Emergency Services,EMERGENCY DEPT ADULT,Main ED,2026-06-10 22:34:38,44
PARDEE HOSPITAL,Pardee Emergency Services,EMERGENCY DEPARTMENT MAIN,Trauma Bay,2026-06-10 22:43:23,2
UNC HOSPITALS,Uncs Emergency Services,EMERGENCY DEPARTMENT,Trauma Bay,2026-06-10 20:00:48,38
CHATHAM HOSPITAL,Chatham Emergency Services,EMERGENCY DEPT PEDS,Main ED,2026-06-10 23:24:59,37
SOUTHEASTERN REGIONAL HOSPITAL,Southeastern Regional Emergency Services,EMERGENCY DEPARTMENT,Resuscitation,2026-06-10 20:04:07,28
Lenoir Memorial Hospital,Lenoir Memorial Emergency Services,EMERGENCY DEPT ADULT,Fast Track,2026-06-10 22:32:29,43
Watauga Medical Center,Watauga Medical Center Emergency Services,EMERGENCY DEPARTMENT,Hallway,2026-06-10 23:54:36,6
JOHNSTON HOSPITAL,Johnston Emergency Services,EMERGENCY DEPARTMENT FAST TRACK,Results Waiting,2026-06-10 20:11:47,1
PARDEE HOSPITAL,Pardee Emergency Services,EMERGENCY DEPT ADULT,Observation,2026-06-10 20:23:53,39
Charles A Cannon Jr Memorial Hospital,Charles A Cannon Jr Memorial Emergency Services,EMERGENCY DEPT ADULT,Trauma Bay,2026-06-10 23:52:57,45
UNC ROCKINGHAM HOSPITAL,Unc Rockingham Emergency Services,EMERGENCY DEPARTMENT,Observation,2026-06-10 21:35:04,11
BLUE RIDGE HOSPITAL,Blue Ridge Emergency Services,EMERGENCY DEPARTMENT FAST TRACK,Results Waiting,2026-06-10 22:05:00,31
UNC HOSPITALS,Uncs Emergency Services,EMERGENCY DEPT PEDS,Fast Track,2026-06-10 22:10:04,13
JOHNSTON HOSPITAL,Johnston Emergency Services,EMERGENCY DEPT PEDS,Triage,2026-06-10 23:52:43,38
Charles A Cannon Jr Memorial Hospital,Charles A Cannon Jr Memorial Emergency Services,EMERGENCY DEPT PEDS,Resuscitation,2026-06-10 20:24:56,17
BLUE RIDGE HOSPITAL,Blue Ridge Emergency Services,EMERGENCY DEPT PEDS,Hallway,2026-06-10 22:37:12,6
NASH HOSPITAL,Nash Emergency Services,EMERGENCY DEPT PEDS,Pediatric ED,2026-06-10 21:05:47,3
NASH HOSPITAL,Nash Emergency Services,EMERGENCY DEPARTMENT,Resuscitation,2026-06-10 22:05:43,34
UNC HOSPITALS,Uncs Emergency Services,EMERGENCY DEPT ADULT,Resuscitation,2026-06-10 23:42:42,43
REX HOSPITAL,Rex Emergency Services,EMERGENCY DEPARTMENT,Hallway,2026-06-10 23:37:42,6
CALDWELL HOSPITAL,Caldwell Emergency Services,EMERGENCY DEPARTMENT MAIN,Behavioral Health,2026-06-10 22:07:07,20
Charles A Cannon Jr Memorial Hospital,Charles A Cannon Jr Memorial Emergency Services,EMERGENCY DEPARTMENT,Resuscitation,2026-06-10 22:35:38,28
REX HOSPITAL,Rex Emergency Services,EMERGENCY DEPT ADULT,Triage,2026-06-10 20:41:51,44
Charles A Cannon Jr Memorial Hospital,Charles A Cannon Jr Memorial Emergency Services,EMERGENCY DEPARTMENT MAIN,Hallway,2026-06-10 21:50:32,38
PARDEE HOSPITAL,Pardee Emergency Services,EMERGENCY DEPT PEDS,Behavioral Health,2026-06-10 22:53:39,30
CHATHAM HOSPITAL,Chatham Emergency Services,EMERGENCY DEPARTMENT MAIN,Observation,2026-06-10 23:35:06,41
NASH HOSPITAL,Nash Emergency Services,EMERGENCY DEPARTMENT MAIN,Fast Track,2026-06-10 21:22:24,18
CALDWELL HOSPITAL,Caldwell Emergency Services,EMERGENCY DEPARTMENT FAST TRACK,Triage,2026-06-10 23:24:39,18
NASH HOSPITAL,Nash Emergency Services,EMERGENCY DEPT ADULT,Trauma Bay,2026-06-10 20:07:41,3
CALDWELL HOSPITAL,Caldwell Emergency Services,EMERGENCY DEPARTMENT MAIN,Triage,2026-06-10 22:08:45,16
CHATHAM HOSPITAL,Chatham Emergency Services,EMERGENCY DEPARTMENT FAST TRACK,Trauma Bay,2026-06-10 20:15:25,44
REX HOSPITAL,Rex Emergency Services,EMERGENCY DEPT ADULT,Pediatric ED,2026-06-10 21:40:51,11
SOUTHEASTERN REGIONAL HOSPITAL,Southeastern Regional Emergency Services,EMERGENCY DEPARTMENT FAST TRACK,Pediatric ED,2026-06-10 20:11:36,32
CALDWELL HOSPITAL,Caldwell Emergency Services,EMERGENCY DEPT PEDS,Results Waiting,2026-06-10 20:00:04,33
SOUTHEASTERN REGIONAL HOSPITAL,Southeastern Regional Emergency Services,EMERGENCY DEPT ADULT,Main ED,2026-06-10 22:36:54,27
NASH HOSPITAL,Nash Emergency Services,EMERGENCY DEPARTMENT,Triage,2026-06-10 23:45:53,7
BLUE RIDGE HOSPITAL,Blue Ridge Emergency Services,EMERGENCY DEPARTMENT MAIN,Main ED,2026-06-10 22:40:18,45
Lenoir Memorial Hospital,Lenoir Memorial Emergency Services,EMERGENCY DEPARTMENT MAIN,Hallway,2026-06-10 21:52:09,12
Watauga Medical Center,Watauga Medical Center Emergency Services,EMERGENCY DEPARTMENT MAIN,Fast Track,2026-06-10 22:50:53,29
Charles A Cannon Jr Memorial Hospital,Charles A Cannon Jr Memorial Emergency Services,EMERGENCY DEPT ADULT,Pediatric ED,2026-06-10 22:12:59,17
JOHNSTON HOSPITAL,Johnston Emergency Services,EMERGENCY DEPARTMENT FAST TRACK,Trauma Bay,2026-06-10 20:50:37,43
UNC ROCKINGHAM HOSPITAL,Unc Rockingham Emergency Services,EMERGENCY DEPARTMENT FAST TRACK,Results Waiting,2026-06-10 23:52:37,29
UNC HOSPITALS,Uncs Emergency Services,EMERGENCY DEPARTMENT,Hallway,2026-06-10 22:11:16,9
UNC HOSPITALS,Uncs Emergency Services,EMERGENCY DEPT PEDS,Observation,2026-06-10 22:29:09,16
JOHNSTON HOSPITAL,Johnston Emergency Services,EMERGENCY DEPT ADULT,Resuscitation,2026-06-10 21:08:47,29
CALDWELL HOSPITAL,Caldwell Emergency Services,EMERGENCY DEPT ADULT,Behavioral Health,2026-06-10 20:36:22,25
CALDWELL HOSPITAL,Caldwell Emergency Services,EMERGENCY DEPT ADULT,Observation,2026-06-10 21:34:21,34
REX HOSPITAL,Rex Emergency Services,EMERGENCY DEPT PEDS,Triage,2026-06-10 21:44:27,32
JOHNSTON HOSPITAL,Johnston Emergency Services,EMERGENCY DEPARTMENT MAIN,Trauma Bay,2026-06-10 22:13:21,17
UNC HOSPITALS,Uncs Emergency Services,EMERGENCY DEPARTMENT MAIN,Resuscitation,2026-06-10 21:54:40,5
Watauga Medical Center,Watauga Medical Center Emergency Services,EMERGENCY DEPARTMENT,Behavioral Health,2026-06-10 22:51:28,44
CHATHAM HOSPITAL,Chatham Emergency Services,EMERGENCY DEPARTMENT,Resuscitation,2026-06-10 21:40:30,2
BLUE RIDGE HOSPITAL,Blue Ridge Emergency Services,EMERGENCY DEPARTMENT,Results Waiting,2026-06-10 20:10:00,2
BLUE RIDGE HOSPITAL,Blue Ridge Emergency Services,EMERGENCY DEPT PEDS,Fast Track,2026-06-10 22:39:39,8
SOUTHEASTERN REGIONAL HOSPITAL,Southeastern Regional Emergency Services,EMERGENCY DEPARTMENT,Behavioral Health,2026-06-10 22:58:54,35
Wayne Memorial Hospital,Wayne Memorial Emergency Services,EMERGENCY DEPT PEDS,Pediatric ED,2026-06-10 22:04:54,18
PARDEE HOSPITAL,Pardee Emergency Services,EMERGENCY DEPT ADULT,Fast Track,2026-06-10 20:26:09,32
JOHNSTON HOSPITAL,Johnston Emergency Services,EMERGENCY DEPARTMENT FAST TRACK,Behavioral Health,2026-06-10 22:52:13,8
Charles A Cannon Jr Memorial Hospital,Charles A Cannon Jr Memorial Emergency Services,EMERGENCY DEPARTMENT MAIN,Observation,2026-06-10 21:03:45,14
NASH HOSPITAL,Nash Emergency Services,EMERGENCY DEPT ADULT,Results Waiting,2026-06-10 20:09:31,24
SOUTHEASTERN REGIONAL HOSPITAL,Southeastern Regional Emergency Services,EMERGENCY DEPARTMENT FAST TRACK,Main ED,2026-06-10 21:51:40,30
Watauga Medical Center,Watauga Medical Center Emergency Services,EMERGENCY DEPT PEDS,Observation,2026-06-10 20:46:30,4
NASH HOSPITAL,Nash Emergency Services,EMERGENCY DEPARTMENT,Fast Track,2026-06-10 23:37:29,44
Watauga Medical Center,Watauga Medical Center Emergency Services,EMERGENCY DEPARTMENT FAST TRACK,Pediatric ED,2026-06-10 21:29:11,41
Charles A Cannon Jr Memorial Hospital,Charles A Cannon Jr Memorial Emergency Services,EMERGENCY DEPARTMENT FAST TRACK,Hallway,2026-06-10 20:58:22,27
Watauga Medical Center,Watauga Medical Center Emergency Services,EMERGENCY DEPT PEDS,Pediatric ED,2026-06-10 22:39:04,23
CHATHAM HOSPITAL,Chatham Emergency Services,EMERGENCY DEPT PEDS,Observation,2026-06-10 22:59:42,1
Lenoir Memorial Hospital,Lenoir Memorial Emergency Services,EMERGENCY DEPARTMENT MAIN,Trauma Bay,2026-06-10 20:41:56,5
Lenoir Memorial Hospital,Lenoir Memorial Emergency Services,EMERGENCY DEPT ADULT,Triage,2026-06-10 23:35:51,35
Wayne Memorial Hospital,Wayne Memorial Emergency Services,EMERGENCY DEPARTMENT FAST TRACK,Pediatric ED,2026-06-10 23:56:01,30
JOHNSTON HOSPITAL,Johnston Emergency Services,EMERGENCY DEPARTMENT,Results Waiting,2026-06-10 20:09:18,25
Charles A Cannon Jr Memorial Hospital,Charles A Cannon Jr Memorial Emergency Services,EMERGENCY DEPT ADULT,Triage,2026-06-10 23:45:07,39
UNC ROCKINGHAM HOSPITAL,Unc Rockingham Emergency Services,EMERGENCY DEPARTMENT,Pediatric ED,2026-06-10 21:09:55,32
Lenoir Memorial Hospital,Lenoir Memorial Emergency Services,EMERGENCY DEPARTMENT,Triage,2026-06-10 23:37:16,17
Watauga Medical Center,Watauga Medical Center Emergency Services,EMERGENCY DEPT PEDS,Resuscitation,2026-06-10 20:06:04,10
SOUTHEASTERN REGIONAL HOSPITAL,Southeastern Regional Emergency Services,EMERGENCY DEPT PEDS,Observation,2026-06-10 20:42:43,9
Lenoir Memorial Hospital,Lenoir Memorial Emergency Services,EMERGENCY DEPARTMENT FAST TRACK,Pediatric ED,2026-06-10 22:40:42,24
CHATHAM HOSPITAL,Chatham Emergency Services,EMERGENCY DEPARTMENT MAIN,Hallway,2026-06-10 20:43:46,18
REX HOSPITAL,Rex Emergency Services,EMERGENCY DEPARTMENT MAIN,Triage,2026-06-10 22:33:17,25
Wayne Memorial Hospital,Wayne Memorial Emergency Services,EMERGENCY DEPARTMENT MAIN,Observation,2026-06-10 21:14:11,34
Wayne Memorial Hospital,Wayne Memorial Emergency Services,EMERGENCY DEPARTMENT MAIN,Hallway,2026-06-10 23:06:51,44
UNC ROCKINGHAM HOSPITAL,Unc Rockingham Emergency Services,EMERGENCY DEPT ADULT,Hallway,2026-06-10 21:34:48,42
REX HOSPITAL,Rex Emergency Services,EMERGENCY DEPARTMENT MAIN,Resuscitation,2026-06-10 20:20:49,43
NASH HOSPITAL,Nash Emergency Services,EMERGENCY DEPARTMENT,Hallway,2026-06-10 22:37:13,27
Lenoir Memorial Hospital,Lenoir Memorial Emergency Services,EMERGENCY DEPT PEDS,Fast Track,2026-06-10 22:33:10,4
SOUTHEASTERN REGIONAL HOSPITAL,Southeastern Regional Emergency Services,EMERGENCY DEPARTMENT,Pediatric ED,2026-06-10 23:49:19,2
PARDEE HOSPITAL,Pardee Emergency Services,EMERGENCY DEPARTMENT,Triage,2026-06-10 23:31:02,30
JOHNSTON HOSPITAL,Johnston Emergency Services,EMERGENCY DEPARTMENT,Triage,2026-06-10 22:34:09,13
PARDEE HOSPITAL,Pardee Emergency Services,EMERGENCY DEPARTMENT MAIN,Resuscitation,2026-06-10 23:34:55,16
CHATHAM HOSPITAL,Chatham Emergency Services,EMERGENCY DEPARTMENT MAIN,Results Waiting,2026-06-10 20:05:33,45
CHATHAM HOSPITAL,Chatham Emergency Services,EMERGENCY DEPT ADULT,Triage,2026-06-10 23:07:30,40
Charles A Cannon Jr Memorial Hospital,Charles A Cannon Jr Memorial Emergency Services,EMERGENCY DEPT PEDS,Trauma Bay,2026-06-10 22:38:06,40
PARDEE HOSPITAL,Pardee Emergency Services,EMERGENCY DEPT ADULT,Results Waiting,2026-06-10 20:38:38,10
Lenoir Memorial Hospital,Lenoir Memorial Emergency Services,EMERGENCY DEPARTMENT,Behavioral Health,2026-06-10 20:37:30,36
UNC HOSPITALS,Uncs Emergency Services,EMERGENCY DEPARTMENT FAST TRACK,Observation,2026-06-10 21:59:17,40
PARDEE HOSPITAL,Pardee Emergency Services,EMERGENCY DEPT PEDS,Fast Track,2026-06-10 21:00:50,21
Lenoir Memorial Hospital,Lenoir Memorial Emergency Services,EMERGENCY DEPT ADULT,Hallway,2026-06-10 22:30:30,38
Lenoir Memorial Hospital,Lenoir Memorial Emergency Services,EMERGENCY DEPARTMENT,Results Waiting,2026-06-10 20:46:03,33
Charles A Cannon Jr Memorial Hospital,Charles A Cannon Jr Memorial Emergency Services,EMERGENCY DEPT PEDS,Hallway,2026-06-10 23:47:59,30
UNC ROCKINGHAM HOSPITAL,Unc Rockingham Emergency Services,EMERGENCY DEPT ADULT,Fast Track,2026-06-10 20:00:29,36
SOUTHEASTERN REGIONAL HOSPITAL,Southeastern Regional Emergency Services,EMERGENCY DEPT PEDS,Results Waiting,2026-06-10 20:58:26,33
UNC HOSPITALS,Uncs Emergency Services,EMERGENCY DEPARTMENT MAIN,Main ED,2026-06-10 22:00:34,27
REX HOSPITAL,Rex Emergency Services,EMERGENCY DEPARTMENT FAST TRACK,Results Waiting,2026-06-10 21:41:09,21
PARDEE HOSPITAL,Pardee Emergency Services,EMERGENCY DEPARTMENT,Resuscitation,2026-06-10 20:11:10,23
SOUTHEASTERN REGIONAL HOSPITAL,Southeastern Regional Emergency Services,EMERGENCY DEPARTMENT FAST TRACK,Observation,2026-06-10 22:29:33,1
Watauga Medical Center,Watauga Medical Center Emergency Services,EMERGENCY DEPARTMENT,Resuscitation,2026-06-10 20:52:19,7
CALDWELL HOSPITAL,Caldwell Emergency Services,EMERGENCY DEPARTMENT,Results Waiting,2026-06-10 22:04:08,30
REX HOSPITAL,Rex Emergency Services,EMERGENCY DEPT PEDS,Observation,2026-06-10 23:47:16,25
BLUE RIDGE HOSPITAL,Blue Ridge Emergency Services,EMERGENCY DEPT ADULT,Resuscitation,2026-06-10 20:44:57,23
JOHNSTON HOSPITAL,Johnston Emergency Services,EMERGENCY DEPT PEDS,Pediatric ED,2026-06-10 22:53:43,1
REX HOSPITAL,Rex Emergency Services,EMERGENCY DEPARTMENT,Behavioral Health,2026-06-10 22:12:02,24
UNC HOSPITALS,Uncs Emergency Services,EMERGENCY DEPARTMENT MAIN,Triage,2026-06-10 20:52:12,43
BLUE RIDGE HOSPITAL,Blue Ridge Emergency Services,EMERGENCY DEPARTMENT,Hallway,2026-06-10 23:11:49,16
REX HOSPITAL,Rex Emergency Services,EMERGENCY DEPARTMENT FAST TRACK,Hallway,2026-06-10 22:45:13,37
SOUTHEASTERN REGIONAL HOSPITAL,Southeastern Regional Emergency Services,EMERGENCY DEPT PEDS,Fast Track,2026-06-10 20:23:44,29
REX HOSPITAL,Rex Emergency Services,EMERGENCY DEPARTMENT FAST TRACK,Main ED,2026-06-10 22:18:13,41
NASH HOSPITAL,Nash Emergency Services,EMERGENCY DEPT PEDS,Observation,2026-06-10 20:46:50,20
UNC ROCKINGHAM HOSPITAL,Unc Rockingham Emergency Services,EMERGENCY DEPT PEDS,Hallway,2026-06-10 20:21:36,38
Wayne Memorial Hospital,Wayne Memorial Emergency Services,EMERGENCY DEPT ADULT,Hallway,2026-06-10 22:18:11,25
CHATHAM HOSPITAL,Chatham Emergency Services,EMERGENCY DEPT ADULT,Hallway,2026-06-10 23:45:45,8
JOHNSTON HOSPITAL,Johnston Emergency Services,EMERGENCY DEPARTMENT,Hallway,2026-06-10 23:13:13,34
JOHNSTON HOSPITAL,Johnston Emergency Services,EMERGENCY DEPT ADULT,Triage,2026-06-10 21:50:47,4
Lenoir Memorial Hospital,Lenoir Memorial Emergency Services,EMERGENCY DEPARTMENT FAST TRACK,Trauma Bay,2026-06-10 23:05:09,6
Lenoir Memorial Hospital,Lenoir Memorial Emergency Services,EMERGENCY DEPARTMENT,Main ED,2026-06-10 21:15:59,22
SOUTHEASTERN REGIONAL HOSPITAL,Southeastern Regional Emergency Services,EMERGENCY DEPT ADULT,Triage,2026-06-10 22:33:28,18
Watauga Medical Center,Watauga Medical Center Emergency Services,EMERGENCY DEPARTMENT FAST TRACK,Triage,2026-06-10 22:16:50,14
NASH HOSPITAL,Nash Emergency Services,EMERGENCY DEPARTMENT FAST TRACK,Trauma Bay,2026-06-10 21:31:01,9
NASH HOSPITAL,Nash Emergency Services,EMERGENCY DEPT ADULT,Hallway,2026-06-10 21:51:01,36
Charles A Cannon Jr Memorial Hospital,Charles A Cannon Jr Memorial Emergency Services,EMERGENCY DEPARTMENT FAST TRACK,Fast Track,2026-06-10 22:47:36,22
Charles A Cannon Jr Memorial Hospital,Charles A Cannon Jr Memorial Emergency Services,EMERGENCY DEPARTMENT MAIN,Fast Track,2026-06-10 20:44:26,39
UNC ROCKINGHAM HOSPITAL,Unc Rockingham Emergency Services,EMERGENCY DEPARTMENT,Behavioral Health,2026-06-10 21:30:31,43
PARDEE HOSPITAL,Pardee Emergency Services,EMERGENCY DEPT PEDS,Observation,2026-06-10 23:36:19,34
SOUTHEASTERN REGIONAL HOSPITAL,Southeastern Regional Emergency Services,EMERGENCY DEPARTMENT MAIN,Fast Track,2026-06-10 21:08:40,33
BLUE RIDGE HOSPITAL,Blue Ridge Emergency Services,EMERGENCY DEPT ADULT,Trauma Bay,2026-06-10 21:30:37,6
REX HOSPITAL,Rex Emergency Services,EMERGENCY DEPT PEDS,Trauma Bay,2026-06-10 20:31:51,24
Wayne Memorial Hospital,Wayne Memorial Emergency Services,EMERGENCY DEPT ADULT,Triage,2026-06-10 23:41:55,43
CALDWELL HOSPITAL,Caldwell Emergency Services,EMERGENCY DEPARTMENT,Resuscitation,2026-06-10 21:33:44,14
BLUE RIDGE HOSPITAL,Blue Ridge Emergency Services,EMERGENCY DEPT PEDS,Triage,2026-06-10 21:43:01,24
JOHNSTON HOSPITAL,Johnston Emergency Services,EMERGENCY DEPARTMENT,Trauma Bay,2026-06-10 21:41:42,8
NASH HOSPITAL,Nash Emergency Services,EMERGENCY DEPARTMENT MAIN,Results Waiting,2026-06-10 22:21:23,44
Charles A Cannon Jr Memorial Hospital,Charles A Cannon Jr Memorial Emergency Services,EMERGENCY DEPT PEDS,Pediatric ED,2026-06-10 22:33:22,14
UNC HOSPITALS,Uncs Emergency Services,EMERGENCY DEPARTMENT MAIN,Results Waiting,2026-06-10 21:13:33,3
SOUTHEASTERN REGIONAL HOSPITAL,Southeastern Regional Emergency Services,EMERGENCY DEPARTMENT MAIN,Triage,2026-06-10 23:08:40,41
Charles A Cannon Jr Memorial Hospital,Charles A Cannon Jr Memorial Emergency Services,EMERGENCY DEPARTMENT,Fast Track,2026-06-10 22:23:24,35
UNC ROCKINGHAM HOSPITAL,Unc Rockingham Emergency Services,EMERGENCY DEPT PEDS,Observation,2026-06-10 23:38:18,23
Charles A Cannon Jr Memorial Hospital,Charles A Cannon Jr Memorial Emergency Services,EMERGENCY DEPT ADULT,Fast Track,2026-06-10 20:52:49,20
NASH HOSPITAL,Nash Emergency Services,EMERGENCY DEPARTMENT FAST TRACK,Triage,2026-06-10 21:18:31,44
BLUE RIDGE HOSPITAL,Blue Ridge Emergency Services,EMERGENCY DEPARTMENT,Pediatric ED,2026-06-10 20:40:42,4
SOUTHEASTERN REGIONAL HOSPITAL,Southeastern Regional Emergency Services,EMERGENCY DEPARTMENT FAST TRACK,Results Waiting,2026-06-10 20:12:47,25
SOUTHEASTERN REGIONAL HOSPITAL,Southeastern Regional Emergency Services,EMERGENCY DEPT PEDS,Pediatric ED,2026-06-10 22:36:06,19
UNC HOSPITALS,Uncs Emergency Services,EMERGENCY DEPT ADULT,Fast Track,2026-06-10 23:48:06,41
UNC ROCKINGHAM HOSPITAL,Unc Rockingham Emergency Services,EMERGENCY DEPT ADULT,Main ED,2026-06-10 22:21:06,38
CHATHAM HOSPITAL,Chatham Emergency Services,EMERGENCY DEPT ADULT,Resuscitation,2026-06-10 23:08:48,38
Charles A Cannon Jr Memorial Hospital,Charles A Cannon Jr Memorial Emergency Services,EMERGENCY DEPARTMENT,Behavioral Health,2026-06-10 21:34:53,33
UNC ROCKINGHAM HOSPITAL,Unc Rockingham Emergency Services,EMERGENCY DEPT PEDS,Resuscitation,2026-06-10 20:50:24,30
NASH HOSPITAL,Nash Emergency Services,EMERGENCY DEPT PEDS,Main ED,2026-06-10 23:10:24,9
BLUE RIDGE HOSPITAL,Blue Ridge Emergency Services,EMERGENCY DEPT ADULT,Main ED,2026-06-10 23:22:08,45
CALDWELL HOSPITAL,Caldwell Emergency Services,EMERGENCY DEPARTMENT FAST TRACK,Behavioral Health,2026-06-10 21:09:57,16
Watauga Medical Center,Watauga Medical Center Emergency Services,EMERGENCY DEPARTMENT,Observation,2026-06-10 23:43:34,29
Lenoir Memorial Hospital,Lenoir Memorial Emergency Services,EMERGENCY DEPARTMENT MAIN,Behavioral Health,2026-06-10 23:33:18,18
Wayne Memorial Hospital,Wayne Memorial Emergency Services,EMERGENCY DEPARTMENT FAST TRACK,Fast Track,2026-06-10 20:14:35,45
BLUE RIDGE HOSPITAL,Blue Ridge Emergency Services,EMERGENCY DEPT PEDS,Main ED,2026-06-10 23:53:36,15
Wayne Memorial Hospital,Wayne Memorial Emergency Services,EMERGENCY DEPARTMENT,Pediatric ED,2026-06-10 21:27:19,21
Charles A Cannon Jr Memorial Hospital,Charles A Cannon Jr Memorial Emergency Services,EMERGENCY DEPARTMENT MAIN,Pediatric ED,2026-06-10 21:47:29,23
Watauga Medical Center,Watauga Medical Center Emergency Services,EMERGENCY DEPT PEDS,Fast Track,2026-06-10 20:31:10,10
BLUE RIDGE HOSPITAL,Blue Ridge Emergency Services,EMERGENCY DEPARTMENT,Trauma Bay,2026-06-10 20:09:26,12
REX HOSPITAL,Rex Emergency Services,EMERGENCY DEPARTMENT MAIN,Trauma Bay,2026-06-10 23:21:57,40
PARDEE HOSPITAL,Pardee Emergency Services,EMERGENCY DEPARTMENT MAIN,Observation,2026-06-10 19:59:29,13
UNC HOSPITALS,Uncs Emergency Services,EMERGENCY DEPT ADULT,Observation,2026-06-10 21:30:54,30
JOHNSTON HOSPITAL,Johnston Emergency Services,EMERGENCY DEPARTMENT FAST TRACK,Pediatric ED,2026-06-10 23:22:33,22
JOHNSTON HOSPITAL,Johnston Emergency Services,EMERGENCY DEPT ADULT,Hallway,2026-06-10 21:43:18,42
Wayne Memorial Hospital,Wayne Memorial Emergency Services,EMERGENCY DEPT ADULT,Pediatric ED,2026-06-10 22:49:18,8
PARDEE HOSPITAL,Pardee Emergency Services,EMERGENCY DEPARTMENT,Observation,2026-06-10 20:09:20,35
Wayne Memorial Hospital,Wayne Memorial Emergency Services,EMERGENCY DEPARTMENT,Observation,2026-06-10 20:54:05,9
Wayne Memorial Hospital,Wayne Memorial Emergency Services,EMERGENCY DEPT PEDS,Main ED,2026-06-10 23:28:53,40
REX HOSPITAL,Rex Emergency Services,EMERGENCY DEPT PEDS,Resuscitation,2026-06-10 23:44:57,36
Watauga Medical Center,Watauga Medical Center Emergency Services,EMERGENCY DEPARTMENT FAST TRACK,Observation,2026-06-10 20:01:36,11
NASH HOSPITAL,Nash Emergency Services,EMERGENCY DEPARTMENT FAST TRACK,Main ED,2026-06-10 23:15:12,15
UNC ROCKINGHAM HOSPITAL,Unc Rockingham Emergency Services,EMERGENCY DEPT ADULT,Trauma Bay,2026-06-10 21:12:58,11
Wayne Memorial Hospital,Wayne Memorial Emergency Services,EMERGENCY DEPARTMENT FAST TRACK,Results Waiting,2026-06-10 21:49:59,7
Wayne Memorial Hospital,Wayne Memorial Emergency Services,EMERGENCY DEPARTMENT FAST TRACK,Observation,2026-06-10 22:59:10,12
UNC HOSPITALS,Uncs Emergency Services,EMERGENCY DEPARTMENT,Main ED,2026-06-10 23:11:55,15
SOUTHEASTERN REGIONAL HOSPITAL,Southeastern Regional Emergency Services,EMERGENCY DEPARTMENT FAST TRACK,Fast Track,2026-06-10 21:55:13,29
UNC ROCKINGHAM HOSPITAL,Unc Rockingham Emergency Services,EMERGENCY DEPARTMENT FAST TRACK,Observation,2026-06-10 22:18:38,32
BLUE RIDGE HOSPITAL,Blue Ridge Emergency Services,EMERGENCY DEPARTMENT,Behavioral Health,2026-06-10 20:49:20,24
PARDEE HOSPITAL,Pardee Emergency Services,EMERGENCY DEPARTMENT MAIN,Results Waiting,2026-06-10 20:24:02,8
NASH HOSPITAL,Nash Emergency Services,EMERGENCY DEPARTMENT MAIN,Main ED,2026-06-10 21:36:22,13
Lenoir Memorial Hospital,Lenoir Memorial Emergency Services,EMERGENCY DEPT PEDS,Results Waiting,2026-06-10 22:09:06,20
JOHNSTON HOSPITAL,Johnston Emergency Services,EMERGENCY DEPARTMENT FAST TRACK,Main ED,2026-06-10 23:21:00,34
Lenoir Memorial Hospital,Lenoir Memorial Emergency Services,EMERGENCY DEPARTMENT MAIN,Results Waiting,2026-06-10 23:02:14,29
JOHNSTON HOSPITAL,Johnston Emergency Services,EMERGENCY DEPARTMENT MAIN,Pediatric ED,2026-06-10 21:40:16,44
NASH HOSPITAL,Nash Emergency Services,EMERGENCY DEPT PEDS,Trauma Bay,2026-06-10 22:54:20,26
UNC HOSPITALS,Uncs Emergency Services,EMERGENCY DEPARTMENT FAST TRACK,Trauma Bay,2026-06-10 21:26:27,11
SOUTHEASTERN REGIONAL HOSPITAL,Southeastern Regional Emergency Services,EMERGENCY DEPARTMENT MAIN,Trauma Bay,2026-06-10 22:21:39,27
UNC ROCKINGHAM HOSPITAL,Unc Rockingham Emergency Services,EMERGENCY DEPT ADULT,Observation,2026-06-10 20:19:43,22
BLUE RIDGE HOSPITAL,Blue Ridge Emergency Services,EMERGENCY DEPT PEDS,Resuscitation,2026-06-10 22:04:12,1
JOHNSTON HOSPITAL,Johnston Emergency Services,EMERGENCY DEPARTMENT,Main ED,2026-06-10 20:55:23,35
SOUTHEASTERN REGIONAL HOSPITAL,Southeastern Regional Emergency Services,EMERGENCY DEPARTMENT MAIN,Pediatric ED,2026-06-10 21:01:28,39
PARDEE HOSPITAL,Pardee Emergency Services,EMERGENCY DEPARTMENT,Behavioral Health,2026-06-10 23:53:18,11
Wayne Memorial Hospital,Wayne Memorial Emergency Services,EMERGENCY DEPARTMENT FAST TRACK,Hallway,2026-06-10 21:16:13,27
SOUTHEASTERN REGIONAL HOSPITAL,Southeastern Regional Emergency Services,EMERGENCY DEPT PEDS,Behavioral Health,2026-06-10 21:04:21,15
BLUE RIDGE HOSPITAL,Blue Ridge Emergency Services,EMERGENCY DEPARTMENT FAST TRACK,Hallway,2026-06-10 22:19:17,32
PARDEE HOSPITAL,Pardee Emergency Services,EMERGENCY DEPARTMENT MAIN,Hallway,2026-06-10 20:47:22,27
Lenoir Memorial Hospital,Lenoir Memorial Emergency Services,EMERGENCY DEPARTMENT,Resuscitation,2026-06-10 22:36:07,16
SOUTHEASTERN REGIONAL HOSPITAL,Southeastern Regional Emergency Services,EMERGENCY DEPARTMENT FAST TRACK,Hallway,2026-06-10 20:56:16,33
JOHNSTON HOSPITAL,Johnston Emergency Services,EMERGENCY DEPT PEDS,Trauma Bay,2026-06-10 20:55:30,21
UNC ROCKINGHAM HOSPITAL,Unc Rockingham Emergency Services,EMERGENCY DEPT PEDS,Behavioral Health,2026-06-10 23:40:02,27
CALDWELL HOSPITAL,Caldwell Emergency Services,EMERGENCY DEPT ADULT,Hallway,2026-06-10 21:56:25,42
CHATHAM HOSPITAL,Chatham Emergency Services,EMERGENCY DEPARTMENT MAIN,Pediatric ED,2026-06-10 23:31:09,19
Lenoir Memorial Hospital,Lenoir Memorial Emergency Services,EMERGENCY DEPT ADULT,Trauma Bay,2026-06-10 20:20:23,40
SOUTHEASTERN REGIONAL HOSPITAL,Southeastern Regional Emergency Services,EMERGENCY DEPARTMENT FAST TRACK,Behavioral Health,2026-06-10 22:07:23,36
CALDWELL HOSPITAL,Caldwell Emergency Services,EMERGENCY DEPARTMENT,Behavioral Health,2026-06-10 21:37:31,17
Watauga Medical Center,Watauga Medical Center Emergency Services,EMERGENCY DEPT ADULT,Observation,2026-06-10 20:40:10,18
UNC ROCKINGHAM HOSPITAL,Unc Rockingham Emergency Services,EMERGENCY DEPARTMENT MAIN,Observation,2026-06-10 21:58:41,8
Lenoir Memorial Hospital,Lenoir Memorial Emergency Services,EMERGENCY DEPT PEDS,Main ED,2026-06-10 22:52:35,31
REX HOSPITAL,Rex Emergency Services,EMERGENCY DEPT PEDS,Hallway,2026-06-10 22:30:03,39
REX HOSPITAL,Rex Emergency Services,EMERGENCY DEPARTMENT MAIN,Hallway,2026-06-10 23:08:41,20
UNC ROCKINGHAM HOSPITAL,Unc Rockingham Emergency Services,EMERGENCY DEPT PEDS,Results Waiting,2026-06-10 23:41:22,7
CALDWELL HOSPITAL,Caldwell Emergency Services,EMERGENCY DEPARTMENT FAST TRACK,Results Waiting,2026-06-10 23:17:19,41
PARDEE HOSPITAL,Pardee Emergency Services,EMERGENCY DEPT ADULT,Behavioral Health,2026-06-10 23:05:59,31
Watauga Medical Center,Watauga Medical Center Emergency Services,EMERGENCY DEPT ADULT,Results Waiting,2026-06-10 23:16:36,38
Lenoir Memorial Hospital,Lenoir Memorial Emergency Services,EMERGENCY DEPARTMENT,Observation,2026-06-10 23:20:37,22
NASH HOSPITAL,Nash Emergency Services,EMERGENCY DEPARTMENT,Main ED,2026-06-10 20:29:01,16
NASH HOSPITAL,Nash Emergency Services,EMERGENCY DEPT PEDS,Hallway,2026-06-10 20:21:34,24
PARDEE HOSPITAL,Pardee Emergency Services,EMERGENCY DEPARTMENT,Fast Track,2026-06-10 20:37:14,7
CALDWELL HOSPITAL,Caldwell Emergency Services,EMERGENCY DEPARTMENT FAST TRACK,Main ED,2026-06-10 22:43:58,45
REX HOSPITAL,Rex Emergency Services,EMERGENCY DEPARTMENT MAIN,Results Waiting,2026-06-10 22:50:36,20
SOUTHEASTERN REGIONAL HOSPITAL,Southeastern Regional Emergency Services,EMERGENCY DEPARTMENT MAIN,Main ED,2026-06-10 22:50:24,25
CALDWELL HOSPITAL,Caldwell Emergency Services,EMERGENCY DEPT PEDS,Observation,2026-06-10 20:38:34,9
Wayne Memorial Hospital,Wayne Memorial Emergency Services,EMERGENCY DEPARTMENT MAIN,Triage,2026-06-10 22:47:36,29
CALDWELL HOSPITAL,Caldwell Emergency Services,EMERGENCY DEPT ADULT,Resuscitation,2026-06-10 23:34:45,11
UNC HOSPITALS,Uncs Emergency Services,EMERGENCY DEPT PEDS,Hallway,2026-06-10 22:15:43,30
UNC ROCKINGHAM HOSPITAL,Unc Rockingham Emergency Services,EMERGENCY DEPARTMENT,Results Waiting,2026-06-10 20:34:42,14
UNC ROCKINGHAM HOSPITAL,Unc Rockingham Emergency Services,EMERGENCY DEPARTMENT,Hallway,2026-06-10 23:06:26,19
SOUTHEASTERN REGIONAL HOSPITAL,Southeastern Regional Emergency Services,EMERGENCY DEPT ADULT,Resuscitation,2026-06-10 21:36:17,45
UNC ROCKINGHAM HOSPITAL,Unc Rockingham Emergency Services,EMERGENCY DEPARTMENT,Fast Track,2026-06-10 23:10:51,31
Watauga Medical Center,Watauga Medical Center Emergency Services,EMERGENCY DEPARTMENT MAIN,Behavioral Health,2026-06-10 20:30:06,39
Wayne Memorial Hospital,Wayne Memorial Emergency Services,EMERGENCY DEPARTMENT,Behavioral Health,2026-06-10 22:02:07,23
Charles A Cannon Jr Memorial Hospital,Charles A Cannon Jr Memorial Emergency Services,EMERGENCY DEPT PEDS,Fast Track,2026-06-10 23:28:17,38
UNC HOSPITALS,Uncs Emergency Services,EMERGENCY DEPT ADULT,Main ED,2026-06-10 22:16:25,31
CHATHAM HOSPITAL,Chatham Emergency Services,EMERGENCY DEPARTMENT,Behavioral Health,2026-06-10 21:08:53,38
UNC HOSPITALS,Uncs Emergency Services,EMERGENCY DEPARTMENT MAIN,Pediatric ED,2026-06-10 23:01:35,23
CALDWELL HOSPITAL,Caldwell Emergency Services,EMERGENCY DEPARTMENT FAST TRACK,Trauma Bay,2026-06-10 22:12:06,31
JOHNSTON HOSPITAL,Johnston Emergency Services,EMERGENCY DEPARTMENT MAIN,Results Waiting,2026-06-10 21:44:31,26
REX HOSPITAL,Rex Emergency Services,EMERGENCY DEPARTMENT,Pediatric ED,2026-06-10 23:01:20,18
Watauga Medical Center,Watauga Medical Center Emergency Services,EMERGENCY DEPARTMENT FAST TRACK,Hallway,2026-06-10 21:37:33,11
Charles A Cannon Jr Memorial Hospital,Charles A Cannon Jr Memorial Emergency Services,EMERGENCY DEPARTMENT,Results Waiting,2026-06-10 20:14:55,18
UNC ROCKINGHAM HOSPITAL,Unc Rockingham Emergency Services,EMERGENCY DEPARTMENT MAIN,Main ED,2026-06-10 21:07:05,25
UNC HOSPITALS,Uncs Emergency Services,EMERGENCY DEPARTMENT FAST TRACK,Results Waiting,2026-06-10 23:16:30,10
CHATHAM HOSPITAL,Chatham Emergency Services,EMERGENCY DEPT ADULT,Results Waiting,2026-06-10 21:18:40,33
JOHNSTON HOSPITAL,Johnston Emergency Services,EMERGENCY DEPT PEDS,Observation,2026-06-10 21:57:06,23
PARDEE HOSPITAL,Pardee Emergency Services,EMERGENCY DEPARTMENT,Results Waiting,2026-06-10 20:04:36,45
UNC ROCKINGHAM HOSPITAL,Unc Rockingham Emergency Services,EMERGENCY DEPARTMENT MAIN,Resuscitation,2026-06-10 20:31:24,23
REX HOSPITAL,Rex Emergency Services,EMERGENCY DEPARTMENT,Main ED,2026-06-10 20:43:53,22
Watauga Medical Center,Watauga Medical Center Emergency Services,EMERGENCY DEPARTMENT MAIN,Pediatric ED,2026-06-10 22:44:38,13
Wayne Memorial Hospital,Wayne Memorial Emergency Services,EMERGENCY DEPT ADULT,Trauma Bay,2026-06-10 20:05:12,37
Wayne Memorial Hospital,Wayne Memorial Emergency Services,EMERGENCY DEPARTMENT MAIN,Trauma Bay,2026-06-10 23:36:25,30
CHATHAM HOSPITAL,Chatham Emergency Services,EMERGENCY DEPARTMENT MAIN,Trauma Bay,2026-06-10 23:02:53,2
Wayne Memorial Hospital,Wayne Memorial Emergency Services,EMERGENCY DEPT PEDS,Fast Track,2026-06-10 23:26:38,37
REX HOSPITAL,Rex Emergency Services,EMERGENCY DEPT ADULT,Main ED,2026-06-10 22:46:48,28
CALDWELL HOSPITAL,Caldwell Emergency Services,EMERGENCY DEPARTMENT,Hallway,2026-06-10 21:57:46,31
CALDWELL HOSPITAL,Caldwell Emergency Services,EMERGENCY DEPT PEDS,Main ED,2026-06-10 23:46:53,41
UNC HOSPITALS,Uncs Emergency Services,EMERGENCY DEPARTMENT FAST TRACK,Resuscitation,2026-06-10 21:55:29,30
Charles A Cannon Jr Memorial Hospital,Charles A Cannon Jr Memorial Emergency Services,EMERGENCY DEPARTMENT MAIN,Resuscitation,2026-06-10 23:01:27,8
UNC ROCKINGHAM HOSPITAL,Unc Rockingham Emergency Services,EMERGENCY DEPARTMENT MAIN,Triage,2026-06-10 20:39:54,6
JOHNSTON HOSPITAL,Johnston Emergency Services,EMERGENCY DEPT PEDS,Resuscitation,2026-06-10 20:17:18,26
JOHNSTON HOSPITAL,Johnston Emergency Services,EMERGENCY DEPARTMENT MAIN,Behavioral Health,2026-06-10 23:08:01,19
CHATHAM HOSPITAL,Chatham Emergency Services,EMERGENCY DEPT PEDS,Pediatric ED,2026-06-10 22:40:57,5
BLUE RIDGE HOSPITAL,Blue Ridge Emergency Services,EMERGENCY DEPARTMENT MAIN,Fast Track,2026-06-10 23:11:55,6
CHATHAM HOSPITAL,Chatham Emergency Services,EMERGENCY DEPARTMENT,Fast Track,2026-06-10 20:06:55,22
JOHNSTON HOSPITAL,Johnston Emergency Services,EMERGENCY DEPT ADULT,Behavioral Health,2026-06-10 22:07:08,25
JOHNSTON HOSPITAL,Johnston Emergency Services,EMERGENCY DEPARTMENT MAIN,Resuscitation,2026-06-10 22:53:40,29
UNC HOSPITALS,Uncs Emergency Services,EMERGENCY DEPT PEDS,Results Waiting,2026-06-10 21:29:47,34
CALDWELL HOSPITAL,Caldwell Emergency Services,EMERGENCY DEPARTMENT MAIN,Resuscitation,2026-06-10 21:16:07,8
Wayne Memorial Hospital,Wayne Memorial Emergency Services,EMERGENCY DEPT ADULT,Observation,2026-06-10 23:53:59,23
BLUE RIDGE HOSPITAL,Blue Ridge Emergency Services,EMERGENCY DEPARTMENT MAIN,Triage,2026-06-10 20:03:26,40
Lenoir Memorial Hospital,Lenoir Memorial Emergency Services,EMERGENCY DEPT ADULT,Behavioral Health,2026-06-10 22:33:59,18
Wayne Memorial Hospital,Wayne Memorial Emergency Services,EMERGENCY DEPARTMENT FAST TRACK,Main ED,2026-06-10 21:51:12,21
PARDEE HOSPITAL,Pardee Emergency Services,EMERGENCY DEPT PEDS,Trauma Bay,2026-06-10 21:19:33,35
REX HOSPITAL,Rex Emergency Services,EMERGENCY DEPARTMENT,Resuscitation,2026-06-10 23:15:41,38
SOUTHEASTERN REGIONAL HOSPITAL,Southeastern Regional Emergency Services,EMERGENCY DEPARTMENT MAIN,Observation,2026-06-10 19:59:30,11
Charles A Cannon Jr Memorial Hospital,Charles A Cannon Jr Memorial Emergency Services,EMERGENCY DEPARTMENT,Main ED,2026-06-10 23:03:31,37
Watauga Medical Center,Watauga Medical Center Emergency Services,EMERGENCY DEPARTMENT FAST TRACK,Resuscitation,2026-06-10 20:37:26,37
Charles A Cannon Jr Memorial Hospital,Charles A Cannon Jr Memorial Emergency Services,EMERGENCY DEPT ADULT,Hallway,2026-06-10 22:46:14,20
NASH HOSPITAL,Nash Emergency Services,EMERGENCY DEPARTMENT MAIN,Behavioral Health,2026-06-10 20:28:15,29
SOUTHEASTERN REGIONAL HOSPITAL,Southeastern Regional Emergency Services,EMERGENCY DEPARTMENT,Results Waiting,2026-06-10 23:57:17,24
UNC ROCKINGHAM HOSPITAL,Unc Rockingham Emergency Services,EMERGENCY DEPARTMENT FAST TRACK,Fast Track,2026-06-10 20:00:32,35
SOUTHEASTERN REGIONAL HOSPITAL,Southeastern Regional Emergency Services,EMERGENCY DEPT ADULT,Trauma Bay,2026-06-10 22:20:58,10
BLUE RIDGE HOSPITAL,Blue Ridge Emergency Services,EMERGENCY DEPARTMENT FAST TRACK,Pediatric ED,2026-06-10 22:29:11,34
SOUTHEASTERN REGIONAL HOSPITAL,Southeastern Regional Emergency Services,EMERGENCY DEPT PEDS,Hallway,2026-06-10 23:44:26,19
NASH HOSPITAL,Nash Emergency Services,EMERGENCY DEPT PEDS,Resuscitation,2026-06-10 20:23:36,43
SOUTHEASTERN REGIONAL HOSPITAL,Southeastern Regional Emergency Services,EMERGENCY DEPARTMENT,Main ED,2026-06-10 23:54:16,27
REX HOSPITAL,Rex Emergency Services,EMERGENCY DEPARTMENT,Observation,2026-06-10 23:05:05,38
CALDWELL HOSPITAL,Caldwell Emergency Services,EMERGENCY DEPARTMENT,Pediatric ED,2026-06-10 20:54:28,20
NASH HOSPITAL,Nash Emergency Services,EMERGENCY DEPARTMENT MAIN,Triage,2026-06-10 22:47:14,5
BLUE RIDGE HOSPITAL,Blue Ridge Emergency Services,EMERGENCY DEPT ADULT,Fast Track,2026-06-10 22:00:42,22
Wayne Memorial Hospital,Wayne Memorial Emergency Services,EMERGENCY DEPARTMENT MAIN,Behavioral Health,2026-06-10 20:13:52,20
NASH HOSPITAL,Nash Emergency Services,EMERGENCY DEPT ADULT,Triage,2026-06-10 20:59:17,29
Wayne Memorial Hospital,Wayne Memorial Emergency Services,EMERGENCY DEPARTMENT,Fast Track,2026-06-10 22:03:33,15
REX HOSPITAL,Rex Emergency Services,EMERGENCY DEPT ADULT,Observation,2026-06-10 22:23:16,3
PARDEE HOSPITAL,Pardee Emergency Services,EMERGENCY DEPT PEDS,Main ED,2026-06-10 20:23:00,5
UNC HOSPITALS,Uncs Emergency Services,EMERGENCY DEPARTMENT,Observation,2026-06-10 21:12:26,12
PARDEE HOSPITAL,Pardee Emergency Services,EMERGENCY DEPARTMENT,Hallway,2026-06-10 20:36:22,39
SOUTHEASTERN REGIONAL HOSPITAL,Southeastern Regional Emergency Services,EMERGENCY DEPT PEDS,Resuscitation,2026-06-10 21:26:35,24
Watauga Medical Center,Watauga Medical Center Emergency Services,EMERGENCY DEPT ADULT,Fast Track,2026-06-10 21:23:02,33
Wayne Memorial Hospital,Wayne Memorial Emergency Services,EMERGENCY DEPT PEDS,Results Waiting,2026-06-10 23:46:09,37
BLUE RIDGE HOSPITAL,Blue Ridge Emergency Services,EMERGENCY DEPARTMENT MAIN,Resuscitation,2026-06-10 21:48:45,15
Lenoir Memorial Hospital,Lenoir Memorial Emergency Services,EMERGENCY DEPARTMENT FAST TRACK,Behavioral Health,2026-06-10 22:21:24,6
REX HOSPITAL,Rex Emergency Services,EMERGENCY DEPT ADULT,Results Waiting,2026-06-10 21:30:18,29
UNC ROCKINGHAM HOSPITAL,Unc Rockingham Emergency Services,EMERGENCY DEPARTMENT FAST TRACK,Pediatric ED,2026-06-10 23:53:20,35
JOHNSTON HOSPITAL,Johnston Emergency Services,EMERGENCY DEPT PEDS,Fast Track,2026-06-10 21:07:47,41
UNC HOSPITALS,Uncs Emergency Services,EMERGENCY DEPARTMENT,Fast Track,2026-06-10 20:25:51,22
JOHNSTON HOSPITAL,Johnston Emergency Services,EMERGENCY DEPT ADULT,Observation,2026-06-10 20:06:02,26
NASH HOSPITAL,Nash Emergency Services,EMERGENCY DEPT ADULT,Fast Track,2026-06-10 21:00:02,18
Wayne Memorial Hospital,Wayne Memorial Emergency Services,EMERGENCY DEPARTMENT,Trauma Bay,2026-06-10 22:27:11,40
REX HOSPITAL,Rex Emergency Services,EMERGENCY DEPARTMENT MAIN,Fast Track,2026-06-10 23:18:17,12
JOHNSTON HOSPITAL,Johnston Emergency Services,EMERGENCY DEPARTMENT FAST TRACK,Observation,2026-06-10 22:33:07,17
Lenoir Memorial Hospital,Lenoir Memorial Emergency Services,EMERGENCY DEPARTMENT MAIN,Triage,2026-06-10 23:21:58,11
PARDEE HOSPITAL,Pardee Emergency Services,EMERGENCY DEPARTMENT MAIN,Fast Track,2026-06-10 22:12:48,22
Wayne Memorial Hospital,Wayne Memorial Emergency Services,EMERGENCY DEPARTMENT,Main ED,2026-06-10 22:18:20,2
Wayne Memorial Hospital,Wayne Memorial Emergency Services,EMERGENCY DEPT ADULT,Resuscitation,2026-06-10 20:10:00,45
UNC ROCKINGHAM HOSPITAL,Unc Rockingham Emergency Services,EMERGENCY DEPARTMENT FAST TRACK,Behavioral Health,2026-06-10 23:27:16,15
Watauga Medical Center,Watauga Medical Center Emergency Services,EMERGENCY DEPT ADULT,Behavioral Health,2026-06-10 21:11:07,2
UNC HOSPITALS,Uncs Emergency Services,EMERGENCY DEPARTMENT,Behavioral Health,2026-06-10 23:24:30,14
UNC HOSPITALS,Uncs Emergency Services,EMERGENCY DEPARTMENT,Triage,2026-06-10 20:42:45,13
JOHNSTON HOSPITAL,Johnston Emergency Services,EMERGENCY DEPARTMENT FAST TRACK,Resuscitation,2026-06-10 22:37:58,43
Watauga Medical Center,Watauga Medical Center Emergency Services,EMERGENCY DEPT PEDS,Behavioral Health,2026-06-10 20:23:03,43
CHATHAM HOSPITAL,Chatham Emergency Services,EMERGENCY DEPARTMENT,Trauma Bay,2026-06-10 22:57:38,29
UNC ROCKINGHAM HOSPITAL,Unc Rockingham Emergency Services,EMERGENCY DEPT PEDS,Main ED,2026-06-10 20:57:51,10
NASH HOSPITAL,Nash Emergency Services,EMERGENCY DEPARTMENT FAST TRACK,Fast Track,2026-06-10 20:16:50,43
Lenoir Memorial Hospital,Lenoir Memorial Emergency Services,EMERGENCY DEPARTMENT FAST TRACK,Main ED,2026-06-10 21:49:03,13
Charles A Cannon Jr Memorial Hospital,Charles A Cannon Jr Memorial Emergency Services,EMERGENCY DEPARTMENT FAST TRACK,Resuscitation,2026-06-10 22:08:46,27
CALDWELL HOSPITAL,Caldwell Emergency Services,EMERGENCY DEPT PEDS,Resuscitation,2026-06-10 21:42:58,7
UNC ROCKINGHAM HOSPITAL,Unc Rockingham Emergency Services,EMERGENCY DEPARTMENT,Resuscitation,2026-06-10 23:15:39,38
SOUTHEASTERN REGIONAL HOSPITAL,Southeastern Regional Emergency Services,EMERGENCY DEPARTMENT FAST TRACK,Resuscitation,2026-06-10 21:55:31,36
SOUTHEASTERN REGIONAL HOSPITAL,Southeastern Regional Emergency Services,EMERGENCY DEPARTMENT MAIN,Resuscitation,2026-06-10 23:00:02,40
JOHNSTON HOSPITAL,Johnston Emergency Services,EMERGENCY DEPT ADULT,Fast Track,2026-06-10 22:51:35,38
BLUE RIDGE HOSPITAL,Blue Ridge Emergency Services,EMERGENCY DEPT ADULT,Triage,2026-06-10 21:37:35,22
JOHNSTON HOSPITAL,Johnston Emergency Services,EMERGENCY DEPT PEDS,Hallway,2026-06-10 22:11:08,27
Watauga Medical Center,Watauga Medical Center Emergency Services,EMERGENCY DEPARTMENT MAIN,Resuscitation,2026-06-10 21:59:07,34
Charles A Cannon Jr Memorial Hospital,Charles A Cannon Jr Memorial Emergency Services,EMERGENCY DEPARTMENT FAST TRACK,Pediatric ED,2026-06-10 23:01:54,26
NASH HOSPITAL,Nash Emergency Services,EMERGENCY DEPARTMENT FAST TRACK,Results Waiting,2026-06-10 21:34:04,41
SOUTHEASTERN REGIONAL HOSPITAL,Southeastern Regional Emergency Services,EMERGENCY DEPARTMENT FAST TRACK,Trauma Bay,2026-06-10 22:13:25,45
CALDWELL HOSPITAL,Caldwell Emergency Services,EMERGENCY DEPT PEDS,Pediatric ED,2026-06-10 20:11:15,37
Lenoir Memorial Hospital,Lenoir Memorial Emergency Services,EMERGENCY DEPT PEDS,Observation,2026-06-10 23:11:20,21
SOUTHEASTERN REGIONAL HOSPITAL,Southeastern Regional Emergency Services,EMERGENCY DEPARTMENT FAST TRACK,Triage,2026-06-10 21:39:36,2
Watauga Medical Center,Watauga Medical Center Emergency Services,EMERGENCY DEPARTMENT MAIN,Trauma Bay,2026-06-10 20:51:38,14
CALDWELL HOSPITAL,Caldwell Emergency Services,EMERGENCY DEPARTMENT FAST TRACK,Fast Track,2026-06-10 21:57:52,42
BLUE RIDGE HOSPITAL,Blue Ridge Emergency Services,EMERGENCY DEPARTMENT FAST TRACK,Behavioral Health,2026-06-10 20:08:06,16
JOHNSTON HOSPITAL,Johnston Emergency Services,EMERGENCY DEPARTMENT FAST TRACK,Fast Track,2026-06-10 23:23:50,16
JOHNSTON HOSPITAL,Johnston Emergency Services,EMERGENCY DEPARTMENT,Behavioral Health,2026-06-10 21:32:29,12
JOHNSTON HOSPITAL,Johnston Emergency Services,EMERGENCY DEPARTMENT FAST TRACK,Hallway,2026-06-10 23:53:45,27
CHATHAM HOSPITAL,Chatham Emergency Services,EMERGENCY DEPARTMENT,Pediatric ED,2026-06-10 22:57:33,34
Charles A Cannon Jr Memorial Hospital,Charles A Cannon Jr Memorial Emergency Services,EMERGENCY DEPARTMENT MAIN,Results Waiting,2026-06-10 20:26:08,30
Lenoir Memorial Hospital,Lenoir Memorial Emergency Services,EMERGENCY DEPT ADULT,Results Waiting,2026-06-10 20:58:29,13
NASH HOSPITAL,Nash Emergency Services,EMERGENCY DEPT PEDS,Triage,2026-06-10 20:05:31,8
NASH HOSPITAL,Nash Emergency Services,EMERGENCY DEPARTMENT MAIN,Resuscitation,2026-06-10 20:39:39,33
Charles A Cannon Jr Memorial Hospital,Charles A Cannon Jr Memorial Emergency Services,EMERGENCY DEPT ADULT,Observation,2026-06-10 20:47:58,37
UNC HOSPITALS,Uncs Emergency Services,EMERGENCY DEPARTMENT MAIN,Observation,2026-06-10 21:54:58,38
Wayne Memorial Hospital,Wayne Memorial Emergency Services,EMERGENCY DEPARTMENT,Results Waiting,2026-06-10 21:58:27,11
BLUE RIDGE HOSPITAL,Blue Ridge Emergency Services,EMERGENCY DEPT ADULT,Pediatric ED,2026-06-10 22:48:01,13
Watauga Medical Center,Watauga Medical Center Emergency Services,EMERGENCY DEPARTMENT,Trauma Bay,2026-06-10 22:49:52,44
REX HOSPITAL,Rex Emergency Services,EMERGENCY DEPARTMENT MAIN,Pediatric ED,2026-06-10 22:33:50,4
Wayne Memorial Hospital,Wayne Memorial Emergency Services,EMERGENCY DEPT ADULT,Fast Track,2026-06-10 21:06:08,19
JOHNSTON HOSPITAL,Johnston Emergency Services,EMERGENCY DEPARTMENT,Pediatric ED,2026-06-10 22:06:38,27
REX HOSPITAL,Rex Emergency Services,EMERGENCY DEPT PEDS,Pediatric ED,2026-06-10 23:12:47,24
Watauga Medical Center,Watauga Medical Center Emergency Services,EMERGENCY DEPARTMENT,Fast Track,2026-06-10 21:10:47,44
UNC ROCKINGHAM HOSPITAL,Unc Rockingham Emergency Services,EMERGENCY DEPARTMENT,Main ED,2026-06-10 21:47:27,27
Wayne Memorial Hospital,Wayne Memorial Emergency Services,EMERGENCY DEPT ADULT,Results Waiting,2026-06-10 23:57:00,29
BLUE RIDGE HOSPITAL,Blue Ridge Emergency Services,EMERGENCY DEPARTMENT,Resuscitation,2026-06-10 23:39:21,38
Lenoir Memorial Hospital,Lenoir Memorial Emergency Services,EMERGENCY DEPARTMENT,Pediatric ED,2026-06-10 22:38:00,23
CHATHAM HOSPITAL,Chatham Emergency Services,EMERGENCY DEPARTMENT,Hallway,2026-06-10 21:48:46,11
REX HOSPITAL,Rex Emergency Services,EMERGENCY DEPARTMENT,Triage,2026-06-10 20:42:49,37
SOUTHEASTERN REGIONAL HOSPITAL,Southeastern Regional Emergency Services,EMERGENCY DEPARTMENT,Observation,2026-06-10 22:11:13,5
Charles A Cannon Jr Memorial Hospital,Charles A Cannon Jr Memorial Emergency Services,EMERGENCY DEPARTMENT MAIN,Trauma Bay,2026-06-10 19:58:39,11
JOHNSTON HOSPITAL,Johnston Emergency Services,EMERGENCY DEPT PEDS,Behavioral Health,2026-06-10 23:35:36,40
Lenoir Memorial Hospital,Lenoir Memorial Emergency Services,EMERGENCY DEPT ADULT,Observation,2026-06-10 23:14:46,32
UNC ROCKINGHAM HOSPITAL,Unc Rockingham Emergency Services,EMERGENCY DEPT PEDS,Triage,2026-06-10 21:24:36,24
Charles A Cannon Jr Memorial Hospital,Charles A Cannon Jr Memorial Emergency Services,EMERGENCY DEPT ADULT,Behavioral Health,2026-06-10 23:16:23,6
UNC HOSPITALS,Uncs Emergency Services,EMERGENCY DEPT ADULT,Results Waiting,2026-06-10 19:58:39,24
UNC HOSPITALS,Uncs Emergency Services,EMERGENCY DEPT ADULT,Pediatric ED,2026-06-10 21:44:47,24
UNC HOSPITALS,Uncs Emergency Services,EMERGENCY DEPT PEDS,Trauma Bay,2026-06-10 20:20:49,36
BLUE RIDGE HOSPITAL,Blue Ridge Emergency Services,EMERGENCY DEPT PEDS,Behavioral Health,2026-06-10 21:55:02,21
BLUE RIDGE HOSPITAL,Blue Ridge Emergency Services,EMERGENCY DEPT PEDS,Results Waiting,2026-06-10 20:26:15,37
Wayne Memorial Hospital,Wayne Memorial Emergency Services,EMERGENCY DEPT PEDS,Trauma Bay,2026-06-10 20:46:50,6
UNC ROCKINGHAM HOSPITAL,Unc Rockingham Emergency Services,EMERGENCY DEPT ADULT,Behavioral Health,2026-06-10 22:17:11,8
UNC HOSPITALS,Uncs Emergency Services,EMERGENCY DEPT ADULT,Trauma Bay,2026-06-10 21:31:11,44
SOUTHEASTERN REGIONAL HOSPITAL,Southeastern Regional Emergency Services,EMERGENCY DEPT ADULT,Observation,2026-06-10 20:14:12,43
Watauga Medical Center,Watauga Medical Center Emergency Services,EMERGENCY DEPARTMENT FAST TRACK,Results Waiting,2026-06-10 21:42:03,14
JOHNSTON HOSPITAL,Johnston Emergency Services,EMERGENCY DEPARTMENT MAIN,Triage,2026-06-10 20:31:43,42
PARDEE HOSPITAL,Pardee Emergency Services,EMERGENCY DEPARTMENT FAST TRACK,Hallway,2026-06-10 23:25:24,20
PARDEE HOSPITAL,Pardee Emergency Services,EMERGENCY DEPARTMENT FAST TRACK,Fast Track,2026-06-10 21:27:25,20
JOHNSTON HOSPITAL,Johnston Emergency Services,EMERGENCY DEPT PEDS,Main ED,2026-06-10 21:19:56,39
UNC ROCKINGHAM HOSPITAL,Unc Rockingham Emergency Services,EMERGENCY DEPT PEDS,Pediatric ED,2026-06-10 22:58:04,23
PARDEE HOSPITAL,Pardee Emergency Services,EMERGENCY DEPARTMENT,Trauma Bay,2026-06-10 21:17:58,15
JOHNSTON HOSPITAL,Johnston Emergency Services,EMERGENCY DEPT PEDS,Results Waiting,2026-06-10 21:04:17,21
NASH HOSPITAL,Nash Emergency Services,EMERGENCY DEPARTMENT,Results Waiting,2026-06-10 22:48:55,42
JOHNSTON HOSPITAL,Johnston Emergency Services,EMERGENCY DEPARTMENT MAIN,Observation,2026-06-10 21:30:58,39
CALDWELL HOSPITAL,Caldwell Emergency Services,EMERGENCY DEPARTMENT,Fast Track,2026-06-10 23:19:35,21
CHATHAM HOSPITAL,Chatham Emergency Services,EMERGENCY DEPARTMENT FAST TRACK,Fast Track,2026-06-10 23:08:18,33
CHATHAM HOSPITAL,Chatham Emergency Services,EMERGENCY DEPARTMENT MAIN,Fast Track,2026-06-10 22:51:26,5
UNC ROCKINGHAM HOSPITAL,Unc Rockingham Emergency Services,EMERGENCY DEPARTMENT,Triage,2026-06-10 21:52:45,6
Watauga Medical Center,Watauga Medical Center Emergency Services,EMERGENCY DEPARTMENT MAIN,Main ED,2026-06-10 22:49:54,11
CALDWELL HOSPITAL,Caldwell Emergency Services,EMERGENCY DEPARTMENT,Trauma Bay,2026-06-10 20:51:20,31
PARDEE HOSPITAL,Pardee Emergency Services,EMERGENCY DEPARTMENT,Pediatric ED,2026-06-10 21:46:23,38
REX HOSPITAL,Rex Emergency Services,EMERGENCY DEPARTMENT,Results Waiting,2026-06-10 21:58:25,6
NASH HOSPITAL,Nash Emergency Services,EMERGENCY DEPARTMENT MAIN,Pediatric ED,2026-06-10 20:03:39,18
REX HOSPITAL,Rex Emergency Services,EMERGENCY DEPT ADULT,Hallway,2026-06-10 22:36:57,43
Lenoir Memorial Hospital,Lenoir Memorial Emergency Services,EMERGENCY DEPT ADULT,Resuscitation,2026-06-10 21:48:06,1
REX HOSPITAL,Rex Emergency Services,EMERGENCY DEPT ADULT,Trauma Bay,2026-06-10 19:59:24,41
CHATHAM HOSPITAL,Chatham Emergency Services,EMERGENCY DEPARTMENT FAST TRACK,Hallway,2026-06-10 21:11:55,39
REX HOSPITAL,Rex Emergency Services,EMERGENCY DEPT ADULT,Behavioral Health,2026-06-10 21:56:26,40
JOHNSTON HOSPITAL,Johnston Emergency Services,EMERGENCY DEPT ADULT,Main ED,2026-06-10 23:04:56,27
CALDWELL HOSPITAL,Caldwell Emergency Services,EMERGENCY DEPARTMENT FAST TRACK,Pediatric ED,2026-06-10 20:27:12,39
BLUE RIDGE HOSPITAL,Blue Ridge Emergency Services,EMERGENCY DEPARTMENT MAIN,Behavioral Health,2026-06-10 22:58:29,11
CALDWELL HOSPITAL,Caldwell Emergency Services,EMERGENCY DEPARTMENT MAIN,Observation,2026-06-10 23:32:41,42
PARDEE HOSPITAL,Pardee Emergency Services,EMERGENCY DEPARTMENT FAST TRACK,Behavioral Health,2026-06-10 22:28:35,35
NASH HOSPITAL,Nash Emergency Services,EMERGENCY DEPARTMENT FAST TRACK,Hallway,2026-06-10 22:19:01,38
SOUTHEASTERN REGIONAL HOSPITAL,Southeastern Regional Emergency Services,EMERGENCY DEPT ADULT,Results Waiting,2026-06-10 22:16:58,17
Lenoir Memorial Hospital,Lenoir Memorial Emergency Services,EMERGENCY DEPT ADULT,Pediatric ED,2026-06-10 21:45:20,42
Wayne Memorial Hospital,Wayne Memorial Emergency Services,EMERGENCY DEPARTMENT FAST TRACK,Triage,2026-06-10 20:24:15,30
UNC HOSPITALS,Uncs Emergency Services,EMERGENCY DEPARTMENT FAST TRACK,Pediatric ED,2026-06-10 23:48:15,35
Charles A Cannon Jr Memorial Hospital,Charles A Cannon Jr Memorial Emergency Services,EMERGENCY DEPT PEDS,Main ED,2026-06-10 20:48:21,29
NASH HOSPITAL,Nash Emergency Services,EMERGENCY DEPARTMENT FAST TRACK,Pediatric ED,2026-06-10 23:56:48,11
BLUE RIDGE HOSPITAL,Blue Ridge Emergency Services,EMERGENCY DEPT ADULT,Results Waiting,2026-06-10 22:04:26,23
Wayne Memorial Hospital,Wayne Memorial Emergency Services,EMERGENCY DEPARTMENT,Triage,2026-06-10 23:46:23,29
Wayne Memorial Hospital,Wayne Memorial Emergency Services,EMERGENCY DEPT PEDS,Resuscitation,2026-06-10 22:57:49,8
Charles A Cannon Jr Memorial Hospital,Charles A Cannon Jr Memorial Emergency Services,EMERGENCY DEPARTMENT,Hallway,2026-06-10 23:22:41,10
BLUE RIDGE HOSPITAL,Blue Ridge Emergency Services,EMERGENCY DEPARTMENT,Fast Track,2026-06-10 22:30:57,11
CHATHAM HOSPITAL,Chatham Emergency Services,EMERGENCY DEPARTMENT,Triage,2026-06-10 20:38:07,19
BLUE RIDGE HOSPITAL,Blue Ridge Emergency Services,EMERGENCY DEPARTMENT MAIN,Hallway,2026-06-10 22:43:18,37
Watauga Medical Center,Watauga Medical Center Emergency Services,EMERGENCY DEPARTMENT,Main ED,2026-06-10 20:06:36,1
SOUTHEASTERN REGIONAL HOSPITAL,Southeastern Regional Emergency Services,EMERGENCY DEPARTMENT,Trauma Bay,2026-06-10 23:10:32,2
REX HOSPITAL,Rex Emergency Services,EMERGENCY DEPARTMENT MAIN,Behavioral Health,2026-06-10 21:33:16,21
UNC HOSPITALS,Uncs Emergency Services,EMERGENCY DEPARTMENT FAST TRACK,Hallway,2026-06-10 23:17:29,39
Charles A Cannon Jr Memorial Hospital,Charles A Cannon Jr Memorial Emergency Services,EMERGENCY DEPT ADULT,Main ED,2026-06-10 21:41:34,7
NASH HOSPITAL,Nash Emergency Services,EMERGENCY DEPT ADULT,Behavioral Health,2026-06-10 23:21:25,31
UNC ROCKINGHAM HOSPITAL,Unc Rockingham Emergency Services,EMERGENCY DEPARTMENT MAIN,Results Waiting,2026-06-10 21:00:12,34
Wayne Memorial Hospital,Wayne Memorial Emergency Services,EMERGENCY DEPT PEDS,Behavioral Health,2026-06-10 20:26:34,26
CALDWELL HOSPITAL,Caldwell Emergency Services,EMERGENCY DEPARTMENT MAIN,Hallway,2026-06-10 23:41:40,13
Charles A Cannon Jr Memorial Hospital,Charles A Cannon Jr Memorial Emergency Services,EMERGENCY DEPARTMENT MAIN,Triage,2026-06-10 19:59:55,11
PARDEE HOSPITAL,Pardee Emergency Services,EMERGENCY DEPT ADULT,Resuscitation,2026-06-10 21:33:50,31
CALDWELL HOSPITAL,Caldwell Emergency Services,EMERGENCY DEPARTMENT MAIN,Pediatric ED,2026-06-10 20:13:39,21
Watauga Medical Center,Watauga Medical Center Emergency Services,EMERGENCY DEPT ADULT,Resuscitation,2026-06-10 22:36:24,37
REX HOSPITAL,Rex Emergency Services,EMERGENCY DEPT PEDS,Behavioral Health,2026-06-10 22:08:42,6
SOUTHEASTERN REGIONAL HOSPITAL,Southeastern Regional Emergency Services,EMERGENCY DEPARTMENT MAIN,Behavioral Health,2026-06-10 21:28:18,36
BLUE RIDGE HOSPITAL,Blue Ridge Emergency Services,EMERGENCY DEPARTMENT FAST TRACK,Fast Track,2026-06-10 23:21:06,33
Wayne Memorial Hospital,Wayne Memorial Emergency Services,EMERGENCY DEPARTMENT MAIN,Main ED,2026-06-10 22:32:52,44
PARDEE HOSPITAL,Pardee Emergency Services,EMERGENCY DEPT PEDS,Triage,2026-06-10 20:54:40,24
UNC HOSPITALS,Uncs Emergency Services,EMERGENCY DEPARTMENT,Resuscitation,2026-06-10 20:22:43,20
NASH HOSPITAL,Nash Emergency Services,EMERGENCY DEPARTMENT,Behavioral Health,2026-06-10 20:55:57,44
Charles A Cannon Jr Memorial Hospital,Charles A Cannon Jr Memorial Emergency Services,EMERGENCY DEPT ADULT,Resuscitation,2026-06-10 22:40:56,19
UNC ROCKINGHAM HOSPITAL,Unc Rockingham Emergency Services,EMERGENCY DEPT ADULT,Pediatric ED,2026-06-10 21:04:32,37
CALDWELL HOSPITAL,Caldwell Emergency Services,EMERGENCY DEPT PEDS,Fast Track,2026-06-10 22:20:55,2
Watauga Medical Center,Watauga Medical Center Emergency Services,EMERGENCY DEPT ADULT,Hallway,2026-06-10 23:45:21,1
CHATHAM HOSPITAL,Chatham Emergency Services,EMERGENCY DEPARTMENT FAST TRACK,Triage,2026-06-10 20:55:06,7
PARDEE HOSPITAL,Pardee Emergency Services,EMERGENCY DEPT PEDS,Resuscitation,2026-06-10 23:08:07,37
Lenoir Memorial Hospital,Lenoir Memorial Emergency Services,EMERGENCY DEPT PEDS,Behavioral Health,2026-06-10 23:27:22,42
Watauga Medical Center,Watauga Medical Center Emergency Services,EMERGENCY DEPARTMENT,Pediatric ED,2026-06-10 21:28:57,40
CALDWELL HOSPITAL,Caldwell Emergency Services,EMERGENCY DEPARTMENT,Main ED,2026-06-10 21:46:06,6
NASH HOSPITAL,Nash Emergency Services,EMERGENCY DEPT PEDS,Results Waiting,2026-06-10 23:18:12,32
CALDWELL HOSPITAL,Caldwell Emergency Services,EMERGENCY DEPARTMENT MAIN,Fast Track,2026-06-10 20:27:16,38
Charles A Cannon Jr Memorial Hospital,Charles A Cannon Jr Memorial Emergency Services,EMERGENCY DEPT PEDS,Observation,2026-06-10 21:07:39,3
CHATHAM HOSPITAL,Chatham Emergency Services,EMERGENCY DEPT PEDS,Triage,2026-06-10 20:22:52,14
REX HOSPITAL,Rex Emergency Services,EMERGENCY DEPARTMENT FAST TRACK,Observation,2026-06-10 21:54:06,18
UNC HOSPITALS,Uncs Emergency Services,EMERGENCY DEPARTMENT FAST TRACK,Main ED,2026-06-10 21:56:25,4
NASH HOSPITAL,Nash Emergency Services,EMERGENCY DEPARTMENT MAIN,Hallway,2026-06-10 22:25:09,17
NASH HOSPITAL,Nash Emergency Services,EMERGENCY DEPARTMENT MAIN,Observation,2026-06-10 19:58:16,37
SOUTHEASTERN REGIONAL HOSPITAL,Southeastern Regional Emergency Services,EMERGENCY DEPT ADULT,Hallway,2026-06-10 21:24:41,3
Watauga Medical Center,Watauga Medical Center Emergency Services,EMERGENCY DEPARTMENT MAIN,Results Waiting,2026-06-10 22:35:31,39
CALDWELL HOSPITAL,Caldwell Emergency Services,EMERGENCY DEPARTMENT FAST TRACK,Resuscitation,2026-06-10 22:26:37,6
Wayne Memorial Hospital,Wayne Memorial Emergency Services,EMERGENCY DEPARTMENT,Resuscitation,2026-06-10 22:31:15,10
UNC ROCKINGHAM HOSPITAL,Unc Rockingham Emergency Services,EMERGENCY DEPARTMENT FAST TRACK,Hallway,2026-06-10 20:19:49,12
Charles A Cannon Jr Memorial Hospital,Charles A Cannon Jr Memorial Emergency Services,EMERGENCY DEPARTMENT,Pediatric ED,2026-06-10 22:23:27,4
Watauga Medical Center,Watauga Medical Center Emergency Services,EMERGENCY DEPARTMENT MAIN,Hallway,2026-06-10 22:49:30,14
UNC HOSPITALS,Uncs Emergency Services,EMERGENCY DEPARTMENT MAIN,Behavioral Health,2026-06-10 21:55:26,42
CALDWELL HOSPITAL,Caldwell Emergency Services,EMERGENCY DEPT PEDS,Hallway,2026-06-10 23:05:25,45
Lenoir Memorial Hospital,Lenoir Memorial Emergency Services,EMERGENCY DEPARTMENT MAIN,Main ED,2026-06-10 23:09:02,5
NASH HOSPITAL,Nash Emergency Services,EMERGENCY DEPARTMENT,Trauma Bay,2026-06-10 23:44:43,33
CHATHAM HOSPITAL,Chatham Emergency Services,EMERGENCY DEPT ADULT,Observation,2026-06-10 23:09:22,31
Wayne Memorial Hospital,Wayne Memorial Emergency Services,EMERGENCY DEPARTMENT,Hallway,2026-06-10 22:57:20,28
CHATHAM HOSPITAL,Chatham Emergency Services,EMERGENCY DEPARTMENT FAST TRACK,Main ED,2026-06-10 23:27:58,26
CALDWELL HOSPITAL,Caldwell Emergency Services,EMERGENCY DEPT ADULT,Fast Track,2026-06-10 22:08:11,17
UNC ROCKINGHAM HOSPITAL,Unc Rockingham Emergency Services,EMERGENCY DEPARTMENT FAST TRACK,Trauma Bay,2026-06-10 20:05:15,26
