Customer ID;Customer Name
Customer ID_1;Alex Lee
Customer ID_2;Casey Brown
Customer ID_3;Jamie Nguyen
Customer ID_4;Casey Smith
Customer ID_5;Alex Johnson
Customer ID_6;Jordan Garcia
Customer ID_7;Alex Johnson
Customer ID_8;Taylor Lee
;
Customer ID_10;Morgan Lee
Customer ID_11;Taylor Johnson
Customer ID_12;Jamie Patel
Customer ID_13;Morgan Lee
Customer ID_14;Jamie Brown
Customer ID_15;Riley Lee
Customer ID_16;Alex Lee
Customer ID_17;Morgan Johnson
Customer ID_18;Casey Garcia
Customer ID_19;Alex Nguyen
Customer ID_20;Taylor Johnson
Customer ID_21;Riley Johnson
Customer ID_22;Taylor Smith
Customer ID_23;Casey Nguyen
Customer ID_24;Casey Smith
Customer ID_25;Riley Nguyen
Customer ID_26;Jamie Smith
Customer ID_27;Casey Nguyen
Customer ID_28;Jamie Lee
Customer ID_29;Casey Lee
Customer ID_30;Riley Johnson
Customer ID_31;Riley Garcia
Customer ID_32;Morgan Smith
Customer ID_33;Alex Johnson
Customer ID_34;Alex Smith
Customer ID_35;Jamie Garcia
Customer ID_36;Morgan Brown
Customer ID_37;Alex Johnson
Customer ID_38;Taylor Smith
Customer ID_39;Morgan Patel
Customer ID_40;Jamie Garcia
Customer ID_41;Jordan Lee
Customer ID_42;Casey Brown
Customer ID_43;Taylor Garcia
Customer ID_44;Morgan Nguyen
Customer ID_45;Taylor Garcia
Customer ID_46;Alex Nguyen
Customer ID_47;Morgan Patel
Customer ID_48;Jamie Patel
Customer ID_49;Jordan Patel
;
Customer ID_51;Alex Smith
Customer ID_52;Morgan Lee
Customer ID_53;Casey Nguyen
Customer ID_54;Jordan Brown
Customer ID_55;Jamie Nguyen
;
Customer ID_57;Casey Patel
Customer ID_58;Jordan Smith
Customer ID_59;Casey Nguyen
Customer ID_60;Jamie Patel
Customer ID_61;Riley Garcia
Customer ID_62;Taylor Johnson
Customer ID_63;Casey Garcia
Customer ID_64;Riley Lee
Customer ID_65;Taylor Brown
Customer ID_66;Jamie Smith
Customer ID_67;Taylor Smith
Customer ID_68;Jamie Smith
Customer ID_69;Jamie Johnson
Customer ID_70;Taylor Garcia
Customer ID_71;Riley Smith
Customer ID_72;Taylor Patel
Customer ID_73;Riley Johnson
Customer ID_74;Morgan Garcia
Customer ID_75;Jamie Nguyen
Customer ID_76;Riley Smith
Customer ID_77;Riley Lee
Customer ID_78;Jamie Johnson
Customer ID_79;Taylor Johnson
Customer ID_80;Jamie Nguyen
Customer ID_81;Casey Lee
Customer ID_82;Jamie Lee
Customer ID_83;Jordan Garcia
Customer ID_84;Jamie Brown
Customer ID_85;Jordan Patel
Customer ID_86;Jordan Nguyen
Customer ID_87;Alex Nguyen
Customer ID_88;Casey Brown
Customer ID_89;Casey Brown
Customer ID_90;Jamie Lee
Customer ID_91;Alex Lee
Customer ID_92;Jordan Brown
Customer ID_93;Riley Lee
Customer ID_94;Jamie Lee
Customer ID_95;Casey Brown
Customer ID_96;Alex Patel
Customer ID_97;Alex Nguyen
Customer ID_98;Taylor Smith
Customer ID_99;Jamie Johnson
Customer ID_100;Alex Johnson
